modelo;aro;furac�o;offset;acabamento
AMG;18x8;5X112;40;BLACK DIAMOND (BD)
AMG;19X8,5;5X112;45;BLACK DIAMOND (BD)
ARION;19X8,5;5X100;45;BLACK (B)
ARION;19X8,5;5X100;45;GRAFITE BRILHANT (GB)
ARION;19X8,5;5X100;45;SILVER STAR (SS)
ARION;19X8,5;5X105;45;BLACK (B)
ARION;19X8,5;5X108;45;BLACK (B)
ARION;19X8,5;5X108;45;BRONZE FOSCO (BZF)
ARION;19X8,5;5X108;45;GRAFITE BRILHANT (GB)
ARION;19X8,5;5X108;45;SILVER STAR (SS)
ARION;19X8,5;5X113;45;BLACK (B)
ARION;19X8,5;5X113;45;BRONZE FOSCO (BZF)
ARION;19X8,5;5X113;45;GRAFITE BRILHANT (GB)
ARION;19X8,5;5X113;45;SILVER STAR (SS)
ARION;19X8,5;5X120;45;BLACK (B)
ARION;19X8,5;5X120;45;GBRONZE FOSCO (BFZ)
ARION;19X8,5;5X120;45;GRAFITE BRILHANT (GB)
ARION;19X8,5;5X120;45;SILVER STAR (SS)
B20;15x6;4X99;35;BLACK (B)
B20;15x6;4X99;35;SILVER STAR (SS)
BALLINA;15x7;4X99/108;35;PRATA DIAM (SD)
BALLINA;17x6;4X99;38;PRATA DIAM (SD)
G10;15x6;4X99;38;BLACK DIAMOND (BD)
BMW;20x8;5X112;30;BLACK DIAMOND (BD)
BMW;20x8;5X120;35;BLACK DIAMOND (BD)
BRW1860;20X7,5;5X110;40;SILVER STAR (SS)
C10;17x4;4X100;-44;BLACK DIAMOND (BD)
C10;17x4;5X114;-44;BLACK DIAMOND (BD)
C10;15x4;4X100;10;BRUTA (BRUTA)
C10;15x4;4X100;-10;BLACK DIAMOND (BD)
C10;15x4;4X100;-10;POLIDA (P)
C10;15x4;5X114;10;BRUTA (BRUTA)
C10;15x4;5X114;-10;BLACK DIAMOND (BD)
C10;15x4;5X114;-10;POLIDA (P)
C10;15x7;4X100;10;BRUTA (BRUTA)
C10;15x7;4X100;30;BRUTA (BRUTA)
C10;15x7;4X100;30;BLACK DIAMOND (BD)
C10;15x7;4X100;30;POLIDA (P)
C10;15x7;5X100;30;BLACK DIAMOND (BD)
C10;15x7;5X114;25;BRUTA (BRUTA)
C10;15x7;5X114;25;BLACK DIAMOND (BD)
C10;15x7;5X114;25;POLIDA (P)
C10;15x8;5X114;20;BRUTA (BRUTA)
C10;15x8;5X114;20;BLACK DIAMOND (BD)
C10;15x8;5X114;20;POLIDA (P)
C10;17x7;4X100;37;BLACK DIAMOND (BD)
C10;17X7;5X100;37;DOURADA DIAMANTADA (DD)
C10;17x7;5X114;37;BRUTA (BRUTA)
C10;17x7;5X114;37;BLACK DIAMOND (BD)
C10;17x7;5X114;37;POLIDA (P)
C14;15x4;4X100;-10;BLACK DIAMOND (BD)
C14;15x4;5X114;-10;BLACK DIAMOND (BD)
C14;15x7;4X100;30;BLACK DIAMOND (BD)
C14;15x7;5X114;25;BLACK DIAMOND (BD)
C14;15x8;4X100;20;BLACK DIAMOND (BD)
C14;15x8;5X114;20;BRUTA (BRUTA)
C14;15x8;5X114;20;BLACK DIAMOND (BD)
C17;15x4;4X100;-10;BLACK DIAMOND (BD)
C17;15x4;4X100;-10;HYPER DIAMOND (HD)
C17;15x4;5X114;-10;HYPER DIAMOND (HD)
C17;15x7;4X100;30;BLACK DIAMOND (BD)
C17;15x7;4X100;30;HYPER DIAMOND (HD)
C17;15x7;5X114;25;BLACK DIAMOND (BD)
C17;15x7;5X114,3;25;HYPER DIAMOND (HD)
C17;15x8;4X100;20;HYPER DIAMOND (HD)
C17;15x8;5X114;20;BLACK DIAMOND (BD)
C17;15x8;5X114,3;20;HYPER DIAMOND (HD)
C17;17x7;4X100;37;BLACK DIAMOND (BD)
C17;17x7;4X100;37;HYPER DIAMOND (HD)
C65;15x4;4X100;-10;BLACK (B)
C65;15x4;5X114;-10;BLACK (B)
C65;15x7;4x100;30;BLACK (B)
C65;15x7;5X114;25;BLACK (B)
C65;15x8;4X100;20;BLACK (B)
C65;15x8;5X114;20;BLACK (B)
C65;17x7;4X100;37;BLACK (B)
C65;17x7;5X100;37;BLACK (B)
C65;17x7;5X114;37;BLACK (B)
C9;15x4;4X100;10;BRUTA (BRUTA)
C9;15x4;4X100;10;HYPER DIAMOND (HD)
C9;15x4;4X100;-10;POLIDA (P)
C9;15X4;5X114;10;BRUTA (BRUTA)
C9;15x4;5X114;-10;HYPER DIAMOND (HD)
C9;15x4;5X114;-10;POLIDA (P)
C9;15x7;4X100;30;BRUTA (BRUTA)
C9;15x7;4X100;30;HYPER DIAMOND (HD)
C9;15x7;4X100;30;POLIDA (P)
C9;15X7;5X114;25;BRUTA (BRUTA)
C9;15x7;5X114;25;HYPER DIAMOND (HD)
C9;15x7;5X114;25;POLIDA (P)
C9;15x8;4X100;20;HYPER DIAMOND (HD)
C9;15x8;5X114,3;20;BRUTA (BRUTA)
C9;15x8;5X114;20;HYPER DIAMOND (HD)
C9;15x8;5X114;20;POLIDA (P)
C9;17x7;4X100;37;HYPER DIAMOND (HD)
CENTAURO;20x8;5X113;30;BLACK FOSCO DIAMOND (BFD)
DISCOVERY;19X8,5;5X108;42;BLACK FOSCO (BF)
DISCOVERY;19X8,5;5X108;42;GRAFITE FOSC (GF)
DISCOVERY;19X8,5;5X108;42;SILVER STAR (SS)
DISCOVERY;19X8,5;5X113;42;BLACK FOSCO (BF)
DISCOVERY;19X8,5;5X113;42;GRAFITE FOSC (GF)
DISCOVERY;19X8,5;5X113;42;OURO VELHO F (OVF)
E47;17x6;4X130;40;BLACK DIAMOND (BD)
E55;17x4;5X114;-10;BRUTA (BRUTA)
E55;15X10;5X114;-10;GRAPHITE DIAMOND (GD)
E55;15X10;5X114;-10;HYPER DIAMOND (HD)
E55;15X10;5X114;-10;POLIDA (P)
E55;17x4;5X139;-10;BRUTA (BRUTA)
E55;15X10;5X139;-10;GRAPHITE DIAMOND (GD)
E55;15X10;5X139;-10;HYPER DIAMOND (HD)
E55;15X10;5X139;-10;POLIDA (P)
E55;15x7;5X114;0;BRUTA (BRUTA)
E55;15x7;5X114;0;GRAPHITE DIAMOND (GD)
E55;15x7;5X114;0;HYPER DIAMOND (HD)
E55;15x7;5X114;0;POLIDA (P)
E55;15x7;5X114;20;BRUTA (BRUTA)
E55;15x7;5X114;20;BLACK DIAMOND (BD)
E55;15x7;5X114;20;GRAPHITE DIAMOND (GD)
E55;15x7;5X114;20;HYPER DIAMOND (HD)
E55;15x7;5X114;20;POLIDA (P)
E55;15x7;5X139;0;BRUTA (BRUTA)
E55;15x7;5X139;0;GRAPHITE DIAMOND (GD)
E55;15x7;5X139;0;HYPER DIAMOND (HD)
E55;15x7;5X139;0;POLIDA (P)
E55;15x8;5X112;0;HYPER DIAMOND (HD)
E55;15x8;5X114;0;BRUTA (BRUTA)
E55;15x8;5X114;0;GRAPHITE DIAMOND (GD)
E55;15x8;5X114;0;HYPER DIAMOND (HD)
E55;15X8;5X114;0;POLIDA (P)
E55;15x8;5X139;0;BRUTA (BRUTA)
E55;15x8;5X139;0;GRAPHITE DIAMOND (GD)
E55;15x8;5X139;0;HYPER DIAMOND (HD)
E55;15X8;5X139;0;POLIDA (P)
E56;15X10;5X114/139;0;BLACK DIAMOND (BD)
E56;15X10;5X114/139;0;DIAMOND (D)
E56;15X10;5X114/139;0;VERM BORDA DIAM (LVD)
E56;15X10;6X139;0;BLACK DIAMOND (BD)
E56;15X10;6X139;0;DIAMOND (D)
E56;15X10;6X139;0;VERM BORDA DIAM (LVD)
E56;15X5,5;5X112;0;DIAMOND (D)
E56;15X5,5;5X112;0;VERM BORDA DIAM (LVD)
E56;15X5,5;4X130;0;HYPER DIAMOND (HD)
E56;15X5,5;4X130;0;VERM BORDA DIAM (LVD)
E56;15X6,5;4X130;0;HYPER DIAMOND (HD)
E56;15x7;5X114/139;0;BLACK DIAMOND (BD)
E56;15x7;5X114/139;0;DIAMOND (D)
E56;15x7;5X114/139;0;VERM BORDA DIAM (LVD)
E56;15x7;6X139;0;BLACK DIAMOND (BD)
E56;15x7;6X139;0;DIAMOND (D)
E56;15x7;6X139;0;VERM BORDA DIAM (LVD)
E56;15X8;5X114/139;0;BLACK DIAMOND (BD)
E56;15X8;5X114/139;0;DIAMOND (D)
E56;15X8;5X114/139;0;VERM BORDA DIAM (LVD)
E56;15X8;6X139;0;BLACK DIAMOND (BD)
E56;15x8;6X139;0;DIAMOND (D)
E56;15X8;6X139;0;VERM BORDA DIAM (LVD)
E56;17x7;5X114/139;0;BLACK DIAMOND (BD)
E56;17x7;5X114/139;0;DIAMOND (D)
E56;17X7;5X114/139;0;VERM BORDA DIAM (LVD)
E56;17x7;5X120;0;DIAMOND (D)
E56;17x7;6X139;0;BLACK DIAMOND (BD)
E56;17x7;6X139;0;DIAMOND (D)
E56;17x7;6X139;0;VERM BORDA DIAM (LVD)
E56;18x8;5X114/139;0;BLACK DIAMOND (BD)
E56;18x8;5X114/139;0;DIAMOND (D)
E56;18x8;5X114/139;0;VERM BORDA DIAM (LVD)
E56;18x8;6X139;0;BLACK DIAMOND (BD)
E56;18x8;6X139;0;DIAMOND (D)
E56;18x8;6X139;0;VERM BORDA DIAM (LVD)
E56;20X10,5;5X114/139;-20;BLACK DIAMOND (BD)
E56;20X10,5;5X114/139;-20;DIAMOND (D)
E56;20X10,5;5X114/139;-20;VERM BORDA DIAM (LVD)
E56;20X10,5;6X139;-20;BLACK DIAMOND (BD)
E56;20X10,5;6X139;-20;DIAMOND (D)
E56;20X10,5;6X139;-20;VERM BORDA DIAM (LVD)
E56;20X8,5;5X114/139;0;BLACK DIAMOND (BD)
E56;20X8,5;5X114/139;0;DIAMOND (D)
E56;20X8,5;5X114/139;0;VERM BORDA DIAM (LVD)
E56;20X8,5;6X139;0;BLACK DIAMOND (BD)
E56;20X8,5;6X139;0;DIAMOND (D)
E56;20X8,5;6X139;0;VERM BORDA DIAM (LVD)
E56;20X8,5;6X139,7;-20;VERM BORDA DIAM (LVD)
E58;17x7;5X114;0;GRAPHITE DIAMOND (GD)
E58;17x7;5X114;0;HYPER DIAMOND (HD)
E58;17x7;5X120;0;HYPER DIAMOND (HD)
E58;17x7;5X139;0;GRAPHITE DIAMOND (GD)
E58;17x7;5X139;0;HYPER DIAMOND (HD)
E58;18x8;5X114;0;BRUTA (BRUTA)
E58;18x8;5X114;0;GRAPHITE DIAMOND (GD)
E58;18x8;5X114;0;HYPER DIAMOND (HD)
E58;18x8;5X114;0;POLIDA (P)
E58;18x8;5X120;0;BRUTA (BRUTA)
E58;18x8;5X120;0;HYPER DIAMOND (HD)
E58;18x8;5X120;0;POLIDA (P)
E58;18x8;5X139;0;BRUTA (BRUTA)
E58;18x8;5X139;0;GRAPHITE DIAMOND (GD)
E58;18x8;5X139;0;HYPER DIAMOND (HD)
E58;18x8;5X139;0;POLIDA (P)
E58;20x8;5X139;0;POLIDA (P)
E58;20X8,5;5X114;0;BRUTA (BRUTA)
E58;20X8,5;5X114;0;POLIDA (P)
E58;20X8,5;5X114;0;BLACK DIAMOND (BD)
E58;20X8,5;5X114;0;GRAPHITE DIAMOND (GD)
E58;20X8,5;5X114;0;HYPER DIAMOND (HD)
E58;20X8,5;5X120;0;BRUTA (BRUTA)
E58;20X8,5;5X120;0;BLACK DIAMOND (BD)
E58;20X8,5;5X120;0;HYPER DIAMOND (HD)
E58;20X8,5;5X139;0;POLIDA (P)
E58;20X8,5;5X139;0;BRUTA (BRUTA)
E58;20X8,5;5X139;0;BLACK DIAMOND (BD)
E58;20X8,5;5X139;0;GRAPHITE DIAMOND (GD)
E58;20X8,5;5X139;0;HYPER DIAMOND (HD)
E63;15x7;5X114;0;HYPER DIAMOND (HD)
E63;15x7;5X114;20;BRUTA (BRUTA)
E63;15x7;5X114;20;BLACK DIAMOND (BD)
E63;15x7;5X114;20;HYPER DIAMOND (HD)
E63;15x7;5X114;20;POLIDA (P)
E63;15x7;5X139;0;GRAPHITE DIAMOND (GD)
E63;15x7;5X139;0;HYPER DIAMOND (HD)
E63;15x8;5X114;-5;GRAPHITE DIAMOND (GD)
E63;15x8;5X114;-5;HYPER DIAMOND (HD)
E63;15x8;5X139;-5;GRAPHITE DIAMOND (GD)
E63;15x8;5X139;-5;HYPER DIAMOND (HD)
E64;17x7;5X114;0;GRAPHITE DIAMOND (GD)
E64;17x7;5X114;0;HYPER DIAMOND (HD)
E64;17x7;5X139;0;GRAPHITE DIAMOND (GD)
E64;17x7;5X139;0;HYPER DIAMOND (HD)
E87;20X10,5;5X114;-20;BLACK DIAMOND (BD)
E87;20X10,5;5X114;-20;GRAPHITE DIAMOND (GD)
E87;20X10,5;5X139;-20;BLACK DIAMOND (BD)
E87;20X10,5;5X139;-20;GRAPHITE DIAMOND (GD)
E87;20X10,5;6X139;-20;BLACK DIAMOND (BD)
E87;20X10,5;6X139;-20;GRAPHITE DIAMOND (GD)
E87;20x8;5X114;0;BLACK DIAMOND (BD)
E87;20x8;5X114;0;GRAPHITE DIAMOND (GD)
E87;20x8;5X139;0;BLACK DIAMOND (BD)
E87;20x8;5X139;0;GRAPHITE DIAMOND (GD)
E87;20x8;6X139;0;BLACK DIAMOND (BD)
E87;20x8;6X139;0;GRAPHITE DIAMOND (GD)
E90;17X7;5X112;36;BLACK DIAMOND (BD)
E90;17x7;5X114;36;BLACK DIAMOND (BD)
E90;17x7;5X130;36;BLACK DIAMOND (BD)
F1;17x7;4X100;40;BLACK (B)
F1;17x7;4X100;40;HYPER GLOSS (HG)
F1;17x7;5X100;40;BLACK (B)
F1;17x7;5X100;40;HYPER GLOSS (HG)
F1;17x7;4X108;40;BLACK (B)
F1;17x7;5X112;40;HYPER GLOSS (HG)
F1;17x7;5X114;40;BLACK (B)
F1;17x7;5X114;40;HYPER GLOSS (HG)
F2;20X7,5;4X100;42;BLACK (B)
F2;20X7,5;5X100;42;BLACK (B)
F2;20X7,5;5X100;42;BLACK DIAMOND (BD)
F2;20X7,5;5X100;42;HYPER GLOSS (HG)
F2;20X7,5;5X105;43;HYPER GLOSS (HG)
F2;20X7,5;5X108;44;HYPER GLOSS (HG)
F2;20X7,5;5X112;45;BLACK (B)
F2;20X7,5;5X112;46;BLACK DIAMOND (BD)
F2;20X7,5;5X112;47;HYPER GLOSS (HG)
F2;20X7,5;5X114;48;BLACK (B)
F250;18x7;8X170;6,3;HYPER DIAMOND (HD)
F250;20X8,5;8X170;7,5;HYPER DIAMOND (HD)
F3;17x6;4X100;7,5;HYPER GLOSS (HG)
F4;15x6;4X100;38;HYPER GLOSS (HG)
F5;20x8;5X100;40;BLACK DIAMOND (BD)
F5;20x8;5X100;40;GLOSS SHADOW (GS)
F5;20x8;5X100;40;HYPER GLOSS (HG)
F5;20x8;5X112;40;BLACK DIAMOND (BD)
F5;20x8;5X112;40;GLOSS SHADOW (GS)
F5;20x8;5X112;40;HYPER GLOSS (HG)
F5;20x8;5X114;40;GLOSS SHADOW (GS)
F5;20x8;5X114;40;HYPER GLOSS (HG)
F86;15x6;4X99;38;SILVER STAR (SS)
FF1906;19X8,5;5X113;40;BLACK FOSCO (BF)
FF1906;19X8,5;5X113;40;GRAFITE BRILHANT (GB)
FF1906;19X8,5;5X113;40;INOX (INOX)
FF1906;19X8,5;5X113;40;SILVER STAR (SS)
FUCHS;15x6;5X112;28;BLACK DIAMOND (BD)
FUCHS;15x6;4X130;28;BLACK DIAMOND (BD)
FUCHS911;17X7;4X130;38;BLACK DIAMOND (BD)
FUCHS911;17X7;5X112;38;BLACK DIAMOND (BD)
FUCHS;17x7;5X112;40;BLACK DIAM BRILH (BDB)
G130;17x7;5X112;40;BLACK DIAMOND (BD)
G140;17x7;4X108;38;BLACK (B)
G140;17x7;4X108;38;SILVER STAR (SS)
G140;17x7;4X99;38;BLACK (B)
G140;17x7;4X99;38;GRAFITE BRILHANT (GB)
G140;17x7;4X99;38;SILVER STAR (SS)
G140;17x7;5X100;38;BLACK (B)
G140;17x7;5X100;38;GRAFITE BRILHANT (GB)
G140;17x7;5X100;38;SILVER STAR (SS)
G140;17x7;5X105;38;BLACK (B)
G140;17x7;5X105;38;GRAFITE BRILHANT (GB)
G140;17x7;5X105;38;SILVER STAR (SS)
G140;17x7;5X108;38;BLACK (B)
G140;17x7;5X108;38;GRAFITE BRILHANT (GB)
G140;17x7;5X108;38;SILVER STAR (SS)
G140;17x7;5X113;38;BLACK (B)
G140;17x7;5X113;38;GRAFITE BRILHANT (GB)
G140;17x7;5X113;38;SILVER STAR (SS)
G15;15X5,5;5X205;5;BLACK DIAMOND (BD)
G15;15X5,5;5X112;5;BLACK DIAMOND (BD)
G15;15x8;5X205;-7;BLACK DIAMOND (BD)
G16;16x7;6X139;35;BLACK DIAMOND (BD)
G1739;17x7;6X139;35;BLACK DIAMOND (BD)
G1810;17x6;4X99;38;HYPER DIAMOND (HD)
G1810;17x6;4X99;38;OURO VELHO F (OURO)
G1810;18x6;4X100;32;HYPER DIAMOND (HD)
G18;18x8;6X139,7;20;SILVER STAR (SS)
G2010;20x8;5X100;50;BLACK DIAMOND (BD)
G2010;20x8;5X100;50;BLACK DIAM SMOKE (BDS)
G2010;20x8;5X112;50;BLACK DIAMOND (BD)
G2010;20x8;5X112;50;BLACK DIAM SMOKE (BDS)
G37;17x7;4X108;35;BLACK FOSCO (BF)
G37;17x7;4X108;35;OURO VELHO F (OURO)
G37;17x7;4X99;35;BLACK FOSCO (BF)
G37;17x7;4X99;35;GRAFITE BRILHANT (GB)
G37;17x7;4X99;35;OURO VELHO F (OURO)
G37;17x7;4X99;35;SILVER STAR (SS)
G37;17x7;5X100;35;BLACK FOSCO (BF)
G37;17x7;5X100;35;GRAFITE BRILHANT (GB)
G37;17x7;5X100;35;OURO VELHO F (OURO)
G37;17x7;5X100;35;SILVER STAR (SS)
G37;17x7;5X105;35;GRAFITE BRILHANT (GB)
G37;17x7;5X108;35;GRAFITE BRILHANT (GB)
G37;17x7;5X113;35;BLACK FOSCO (BF)
G37;17x7;5X113;35;GRAFITE BRILHANT (GB)
G37;17x7;5X113;35;OURO VELHO F (OURO)
G37;17x7;5X113;35;SILVER STAR (SS)
G66;15x6;5X205;36;BLACK DIAMOND (BD)
G07;17x6;4X100;35;SILVER STAR (SS)
G87;15x7;5X114;25;BRUTA (BRUTA)
G87;15x7;5X114;25;POLIDA (P)
G87;15x7;5X114;25;PRATA DIAM (SD)
GAUCHA;14x6;4X130;20;PRATA DIAM (SD)
GAUCHA;17x4;5X114;-25;HYPER DIAMOND (HD)
GAUCHA;17x4;4X130;-25;HYPER DIAMOND (HD)
GAUCHA;15x8;4X130;0;HYPER DIAMOND (HD)
GAUCHA;15x8;5X114;0;HYPER DIAMOND (HD)
GTS;18X8;5X100;42;BLACK FOSCO (BF)
GTS;18X8;5X100;42;SILVER STAR (SS)
GTS;18X8;5X105;42;BLACK FOSCO (BF)
GTS;18X8;5X108;42;BLACK FOSCO (BF)
GTS;18X8;5X108;42;SILVER STAR (SS)
GTS;18X8;5X113;42;BLACK (B)
GTS;18x8;5X113;42;BLACK FOSCO (BF)
GTS;18X8;5X113;42;SILVER STAR (SS)
GTS;20x8;5X100;42;BLACK FOSCO (BF)
GTS;20x8;5X100;42;SILVER STAR (SS)
GTS;20x8;5X105;42;BLACK FOSCO (BF)
GTS;20x8;5X105;42;SILVER STAR (SS)
GTS;20x8;5X108;42;BLACK FOSCO (BF)
GTS;20x8;5X108;42;SILVER STAR (SS)
GTS;20x8;5X113;42;BLACK FOSCO (BF)
GTS;20x8;5X113;42;SILVER STAR (SS)
K16;15x6;5X100/108;40;GLOSS (GL)
K27;13X5,5;4X98;36;BLACK DIAMOND (BD)
K27;13X5,5;4X100;36;BLACK DIAMOND (BD)
K27;13X5,5;4X108;36;BLACK DIAMOND (BD)
K27;14x6;4X100;40;BLACK DIAMOND (BD)
K27;14x6;4X108;40;BLACK DIAMOND (BD)
K27;14x6;4X108;40;GRAPHITE DIAMOND (GD)
K27;15x6;4X100;40;BLACK DIAMOND (BD)
K27;15x6;4X100;40;GRAPHITE DIAMOND (GD)
K27;15x6;4X108;40;BLACK DIAMOND (BD)
K27;15x6;4X108;40;GRAPHITE DIAMOND (GD)
K34;14x6;4X100;40;BLACK DIAMOND (BD)
K34;14x6;4X108;40;BLACK DIAMOND (BD)
K34;15x6;4X100;40;BLACK DIAMOND (BD)
K34;15x6;4X108;40;BLACK DIAMOND (BD)
K54;15x6;4X100/108;36;HYPER GLOSS (HG)
K54;15x6;5X100/112;36;HYPER GLOSS (HG)
K54;18x7;5X100/108;40;HYPER GLOSS (HG)
K56;15x7;4X100/108;32;BLACK GLOSS (BG)
K56;15x7;4X100/108;32;HYPER DIAMOND (HD)
K56;17x7;4X100/108;38;HYPER DIAMOND (HD)
K57;15X7,5;4X100;32;BLACK (B)
K57;15X7,5;4X100;32;GRAPHITE DIAMOND (GD)
K58;17x4;5X112;5;BLACK (B)
K58;17x4;5X120;5;BLACK (B)
K60;15x6;4X100;36;BLACK (B)
K60;15x6;4X100;36;BLACK DIAMOND (BD)
K60;15x6;4X108;36;BLACK DIAMOND (BD)
K61;15X6;4X100;36;BLACK DIAMOND (BD)
K61;15X6;4X100;36;BLACK GLOSS (BG)
K62;17x7;5X112;40;HYPER GLOSS (HG)
K63;15x6;4X100;32;BLACK (B)
K63;15x6;4X100;32;BLACK DIAMOND (BD)
K63;15x6;4X100;32;HYPER GLOSS (HG)
K63;15x6;4X108;32;BLACK (B)
K63;15x6;4X108;32;BLACK DIAMOND (BD)
K63;15x6;5X112;32;BLACK DIAMOND (BD)
K63;17x7;4X100;32;BLACK DIAMOND (BD)
K63;17x7;5X100;32;BLACK DIAMOND (BD)
K63;17x7;4X108;32;BLACK DIAMOND (BD)
K63;17x7;5X114;32;BLACK DIAMOND (BD)
K63;20X8;4X100;35;GRAPHITE DIAMOND (GD)
K63;20x8;5X105;35;BLACK DIAMOND (BD)
K63;20x8;5X108;35;BLACK DIAMOND (BD)
K63;20x8;5X114,3;35;BLACK DIAMOND (BD)
K63;20x8;5X114,3;35;BLACK GLOSS (BG)
K63;20X8;4X108;35;GRAPHITE FOSCO DIAM (GFD)
K64;14x6;4X100;30;BLACK DIAMOND (BD)
K64;14x6;4X108;30;BLACK DIAMOND (BD)
K64;15x6;4X100;36;BLACK DIAMOND (BD)
K64;15x6;4X108;36;BLACK DIAMOND (BD)
K64;15x6;4X108;36;BLACK GLOSS (BG)
K65;17X7;4X108;32;BLACK DIAMOND (BD)
K65;17x7;4X108;32;HYPER DIAMOND (HD)
K67;17x7;4X100;40;BLACK DIAMOND (BD)
K67;17x7;5X100;40;BLACK DIAMOND (BD)
K67;17x7;4X108;40;BLACK DIAMOND (BD)
K67;17x7;5X114;40;BLACK DIAMOND (BD)
K67;18x8;5X100;40;BLACK DIAMOND (BD)
K67;18x8;5X105;40;BLACK (B)
K67;18x8;5X105;40;BLACK DIAMOND (BD)
K67;18x8;4X108;40;BLACK DIAMOND (BD)
K67;18x8;5X112;40;BLACK DIAMOND (BD)
K67;18x8;5X120;37;BLACK DIAMOND (BD)
K67;20x8;5X112;40;GRAPHITE DIAMOND (GD)
K67;20x8;5X114;40;BLACK (B)
K67;20X8;5X120;37;BLACK DIAMOND (BD)
K67;20x8;5X120;37;GRAPHITE DIAMOND (GD)
K67;20X8;5X120;37;GRAPHITE FOSCO DIAM (GFD)
K68;18X7;5X112;37;GRAPHITE DIAMOND (GD)
K68;20X8;5X120;37;GRAPHITE DIAMOND (GD)
K69;20x8;4X100;40;GRAPHITE DIAMOND (GD)
K67;20X8;5X112;45;GRAPHITE DIAMOND (GD)
K71;13X5,5;4x98;36;BLACK DIAMOND (BD)
K71;13X5,5;4X100;36;BLACK DIAMOND (BD)
K71;13X5,5;4X108;36;BLACK DIAMOND (BD)
K71;14x6;4X98;36;BLACK DIAMOND (BD)
K71;14x6;4X100;36;BLACK DIAMOND (BD)
K71;14x6;4X108;36;BLACK DIAMOND (BD)
K71;15x6;4X100;38;BLACK DIAMOND (BD)
K71;15x6;5X100;38;BLACK DIAMOND (BD)
K71;15x6;4X108;38;BLACK DIAMOND (BD)
K71;17x6;4X100;42;BLACK DIAMOND (BD)
K71;17x6;5X100;42;BLACK DIAMOND (BD)
K71;17x7;5X100;40;BLACK DIAMOND (BD)
K71;17x7;5X112;40;BLACK DIAMOND (BD)
K71;18X6;4X100;42;BLACK FOSCO DIAMOND (BFD)
K71;18X6;5X100;42;BLACK DIAMOND (BD)
K71;18x7;4X100;40;BLACK DIAMOND (BD)
K71;18x7;5X100;40;BLACK DIAMOND (BD)
K71;18x7;5X105;40;BLACK DIAMOND (BD)
K71;18x7;5X112;38;BLACK DIAMOND (BD)
K72;15x6;4X100;38;BLACK DIAMOND (BD)
K72;15x6;5X100;38;BLACK DIAMOND (BD)
K72;17x7;4X100;40;BLACK DIAMOND (BD)
K72;17x7;5X100;40;BLACK DIAMOND (BD)
K72;17x7;5X112;45;BLACK DIAMOND (BD)
K73;17x6;4X100;42;BLACK DIAMOND (BD)
K73;17x6;5X100;42;BLACK (B)
K73;17x6;5X100;42;BLACK DIAMOND (BD)
K73;17x7;4X100;40;BLACK DIAMOND (BD)
K73;17x7;5X100;40;BLACK (B)
K73;17x7;5X100;40;BLACK DIAMOND (BD)
K73;17x7;5X105;40;BLACK DIAMOND (BD)
K73;17x7;5X108;40;BLACK DIAMOND (BD)
K73;17x7;5X112;45;BLACK (B)
K73;17x7;5X112;45;BLACK DIAMOND (BD)
K73;17x7;5X114;40;BLACK DIAMOND (BD)
K73;18x6;4X100;42;BLACK (B)
K73;18x6;4X100;42;BLACK DIAMOND (BD)
K73;18x6;4X108;42;BLACK DIAMOND (BD)
K73;18x7;5X100;40;BLACK (B)
K73;18x7;5X100;40;BLACK DIAMOND (BD)
K73;18x7;5X105;40;BLACK (B)
K73;18x7;5X105;40;BLACK DIAMOND (BD)
K73;18x7;5X108;40;BLACK (B)
K73;18x7;5X108;40;BLACK DIAMOND (BD)
K73;18x7;5X110;40;BLACK DIAMOND (BD)
K73;18x7;5X112;45;BLACK (B)
K73;18x7;5X112;40;BLACK DIAMOND (BD)
K73;18x7;5X114,3;40;BLACK (B)
K73;20x8;5X100;40;BLACK DIAMOND (BD)
K73;20x8;5X105;40;BLACK DIAMOND (BD)
K73;20x8;5X108;40;BLACK DIAMOND (BD)
K73;20x8;5X110;40;BLACK (B)
K73;20x8;5X112;45;BLACK (B)
K73;20x8;5X112;45;BLACK DIAMOND (BD)
K73;20x8;5X114;40;BLACK (B)
K74;17x7;5X100;35;BLACK DIAMOND (BD)
K74;17x7;5X100;35;GRAPHITE DIAMOND (GD)
K74;17x7;5X112;35;GRAPHITE DIAMOND (GD)
K75;18x7;5X100;40;BLACK DIAMOND (BD)
K75;18x7;5X105;40;BLACK DIAMOND (BD)
K75;18x7;5X105;40;GRAPHITE DIAMOND (GD)
K75;18x7;5X105;40;HYPER DIAMOND (HD)
K75;18x7;5X108;40;BLACK DIAMOND (BD)
K75;18x7;5X108;40;GRAPHITE DIAMOND (GD)
K75;18x7;5X108;40;HYPER DIAMOND (HD)
K75;18x7;5X110;40;BLACK DIAMOND (BD)
K75;18x7;5X110;40;HYPER DIAMOND (HD)
K75;18x7;5X112;45;GRAPHITE DIAMOND (GD)
K76;14x6;4X98;36;BLACK (B)
K76;14x6;4X98;36;HYPER GLOSS (HG)
K76;14x6;4X100;36;BLACK (B)
K76;14x6;4X100;36;HYPER GLOSS (HG)
K76;14x6;4X108;36;BLACK (B)
K76;14x6;4X108;36;HYPER GLOSS (HG)
L1;14X6;5X112;27;BLACK DIAMOND (BD)
L1;14x6;5X112;27;GRAPHITE DIAMOND (GD)
L4;22x9;5X108;45;BLACK DIAMOND (BD)
L4;22x9;5X120;45;BLACK DIAMOND (BD)
LTS;18x7;4X99;;SILVER STAR (SS)
LTS;18x7;5X105;;OURO VELHO F (OURO)
LTS;18x7;5X105;;SILVER STAR (SS)
LTS;18x7;5X113;;BLACK (B)
M10;14x6;5X108;20;BLACK DIAMOND (BD)
M10;14x6;5X112;20;BLACK DIAMOND (BD)
M10;14x6;5X112;20;FACE BLACK DIAMOND (FBD)
M10;14x6;5X114,3;20;BLACK DIAMOND (BD)
M10;14x6;5X114,3;20;FACE BLACK DIAMOND (FBD)
M10;15x7;5X108;0;BLACK DIAMOND (BD)
M10;15x7;5X108;0;FACE BLACK DIAMOND (FBD)
M10;15x7;5X114;0;BLACK DIAMOND (BD)
M10;15x7;5X114;0;FACE BLACK DIAMOND (FBD)
M10;15x7;5X114;20;BLACK DIAMOND (BD)
M10;15x7;5X114;20;FACE BLACK DIAMOND (FBD)
M10;15x8;5X108;0;BLACK DIAMOND (BD)
M10;15x8;5X108;0;FACE BLACK DIAMOND (FBD)
M10;15x8;5X114;0;BLACK DIAMOND (BD)
M10;15x8;5X114;0;FACE BLACK DIAMOND (FBD)
M10;17x7;5X114;25;BLACK DIAMOND (BD)
M11;15x6;4X100;35;BLACK DIAMOND (BD)
M11;15x6;4X100;35;HYPER GLOSS (HG)
M11;15x6;5X112;27;BLACK DIAMOND (BD)
M11;15x6;4X130;35;BLACK DIAMOND (BD)
M11;15x6;4X130;35;HYPER GLOSS (HG)
M11;15x7;5X114;30;SILVER STAR (SS)
M12;17x8;5X114;20;BLACK FOSCO DIAMOND (BFD)
M12;17x8;6X114;20;BLACK FOSCO DIAMOND (BFD)
M12;17x8;5X120;20;BLACK FOSCO DIAMOND (BFD)
M12;17x8;6X139;20;BLACK (B)
M12;17x8;6X139,7;20;BLACK FOSCO DIAMOND (BFD)
M15;16x7;5X114;10;BLACK DIAMOND (BD)
M15;16x7;5X114,3;10;GOLD BLACK LI (GBL)
M15;16x7;6X114;10;GRAPHITE FOSCO DIAM (GFD)
M15;16x7;6X114;10;BLACK DIAMOND (BD)
M15;16x7;5X139;10;BLACK DIAMOND (BD)
M15;16x7;6X139,7;10;BLACK DIAMOND (BD)
M15;16x7;6X139,7;36;GOLD BLACK LI (GBL)
M16;13X5,5;4x98;36;BLACK (B)
M16;13X5,5;4X98;36;BLACK DIAMOND (BD)
M16;13X5,5;4X100;36;BLACK (B)
M16;13X5,5;4X100;36;BLACK DIAMOND (BD)
M16;13X5,5;4X108;36;BLACK (B)
M16;13X5,5;4X108;36;BLACK DIAMOND (BD)
M16;14x6;4X98;36;BLACK (B)
M16;14x6;4X98;36;BLACK DIAMOND (BD)
M16;14x6;4X100;36;BLACK (B)
M16;14x6;4X100;36;BLACK DIAMOND (BD)
M16;14x6;4X108;36;BLACK (B)
M16;14x6;4X108;36;BLACK DIAMOND (BD)
M16;14x6;4X114;36;BLACK DIAMOND (BD)
M16;15x6;4X98;40;BLACK (B)
M16;15x6;4X98;40;BLACK DIAMOND (BD)
M16;15x6;4X100;40;BLACK (B)
M16;15x6;4X100;40;BLACK DIAMOND (BD)
M16;15x6;4X108;40;BLACK (B)
M16;15x6;4X108;40;BLACK DIAMOND (BD)
M16;15x6;4X114;40;BLACK DIAMOND (BD)
M16;16x6;4X100;42;BLACK (B)
M16;16x6;4X100;42;BLACK DIAMOND (BD)
M16;16x6;5X100;42;BLACK (B)
M16;16x6;5X100;42;BLACK DIAMOND (BD)
M16;16x6;4X108;42;BLACK (B)
M16;16x6;4X108;42;BLACK DIAMOND (BD)
M16;16x6;4X114;42;BLACK DIAMOND (BD)
M16;16x6;5X114;42;BLACK (B)
M16;16x6;5X114;42;BLACK DIAMOND (BD)
M16;17x7;4X100;42;BLACK (B)
M16;17x7;4X100;42;BLACK DIAMOND (BD)
M16;17x7;5X100;42;BLACK DIAMOND (BD)
M16;17x7;4X108;42;BLACK (B)
M16;17x7;4X108;42;BLACK DIAMOND (BD)
M16;17x7;5X108;42;BLACK DIAMOND (BD)
M16;17x7;4X114;42;BLACK DIAMOND (BD)
M16;17x7;5X114;42;BLACK (B)
M16;17x7;5X114;42;BLACK DIAMOND (BD)
M17;15x7;4X100/108;30;BLACK DIAMOND (BD*)
M17;15x7;4X100/108;30;HYPER DIAMOND (HD*)
M17;17x7;4X100/108;32;HYPER DIAMOND (HD)
M18;15x6;4X100;36;HYPER GLOSS (HG)
M18;15x6;4X108;36;HYPER GLOSS (HG)
M19;15x7;5X100;30;HYPER DIAMOND (HD)
M19;15x7;4X100/108;30;HYPER DIAMOND (HD)
M20;15x7;4X100;35;HYPER DIAMOND (HD)
M20;15x7;5X100;35;HYPER DIAMOND (HD)
M20;15x7;5X112;35;HYPER DIAMOND (HD)
M20;17x6;4X100;42;HYPER DIAMOND (HD)
M20;17X6;5X100;42;HYPER DIAMOND (HD)
M20;17x6;5X112;42;HYPER DIAMOND (HD)
M21;16x6;4X100;42;GRAFITE FOSC (GF)
M21;16x6;4X100;42;SILVER STAR (SS)
M2;15x6;4X98;42;SILVER STAR (SS)
M22;16x9;5X114;-20;BLACK DIAMOND (BD)
M22;16x9;6X114;-20;BLACK DIAMOND (BD)
M22;16x9;6X139;-20;BLACK DIAMOND (BD)
M22;18X8,5;5X114;15;BLACK DIAMOND (BD)
M22;18X8,5;6X114;15;BLACK DIAMOND (BD)
M22;18X8,5;5X120;15;BLACK DIAMOND (BD)
M22;18X8,5;5X120;15;BLACK FOSCO DIAMOND (BFD)
M22;18X8,5;5X127;15;BLACK DIAMOND (BD)
M22;18X8,5;6X139;15;BLACK DIAMOND (BD)
M23;18x8;5X108;20;BLACK FOSCO (BF)
M23;18x8;5X114;20;BLACK FOSCO (BF)
M23;18x8;6X114;20;BLACK FOSCO (BF)
M23;18x8;6X139;20;BLACK DIAMOND (BD)
M23;18x8;6X139;20;BLACK FOSCO (BF)
M23;20X8,5;5X108;20;BLACK FOSCO (BF)
M23;20X8,5;6X114,3;20;BLACK FOSCO (BF)
M23;20X8,5;5X120;20;BLACK FOSCO (BF)
M23;20X8,5;6X139,7;20;BLACK (B)
M23;20X8,5;6X139,7;20;BLACK DIAMOND (BD)
M23;20X8,5;6X139,7;20;BLACK FOSCO (BF)
M25;15x6;4X100;38;BLACK DIAMOND (BD)
M25;15x6;4X100;38;HYPER GLOSS (HG)
M25;15x6;5X100;38;BLACK DIAMOND (BD)
M25;15x6;5X100;38;HYPER GLOSS (HG)
M25;18x6;4X100;40;BLACK DIAMOND (BD)
M25;18x6;4X100;40;HYPER GLOSS (HG)
M25;18x6;5X100;40;BLACK DIAMOND (BD)
M25;18x6;5X100;40;HYPER GLOSS (HG)
M25;18x7;5X100;40;BLACK DIAMOND (BD)
M25;18x7;5X100;40;HYPER GLOSS (HG)
M25;18x7;5X112;40;BLACK DIAMOND (BD)
M25;18x7;5X112;40;HYPER GLOSS (HG)
M25;18x7;5X114,3;40;BLACK DIAMOND (BD)
M25;18x7;5X114,3;40;HYPER GLOSS (HG)
M26;15x7;4X100;35;HYPER DIAMOND (HD)
M27;16x7;8X170;7;HYPER DIAMOND (HD)
M28;14x6;4X98;36;BLACK (B)
M28;14x6;4X98;36;HYPER GLOSS (HG)
M28;14x6;4X100;36;BLACK (B)
M28;14x6;4X100;36;GLOSS SHADOW (GS)
M28;14x6;4X100;36;HYPER GLOSS (HG)
M28;14x6;4X108;36;BLACK (B)
M28;14x6;4X108;36;GLOSS SHADOW (GS)
M28;14x6;4X108;36;HYPER GLOSS (HG)
M28;15x6;4X98;38;BLACK (B)
M28;15x6;4X98;38;GLOSS SHADOW (GS)
M28;15x6;4X98;38;HYPER GLOSS (HG)
M28;15x6;4X100;38;BLACK (B)
M28;15x6;4X100;38;GLOSS SHADOW (GS)
M28;15x6;4X100;38;HYPER GLOSS (HG)
M28;15X6;5X100;38;BLACK (B)
M28;15x6;5X100;38;HYPER GLOSS (HG)
M28;15X6;4X108;38;BLACK (B)
M28;15x6;4X108;38;HYPER GLOSS (HG)
M28;15x6;4X114;38;HYPER GLOSS (HG)
M28;16x6;4X98;42;BLACK (B)
M28;16x6;4X98;42;HYPER GLOSS (HG)
M28;16x6;4X100;42;BLACK (B)
M28;16x6;4X100;42;GLOSS SHADOW (GS)
M28;16x6;4X100;42;HYPER GLOSS (HG)
M28;16x6;5X100;42;BLACK (B)
M28;16x6;5X100;42;HYPER GLOSS (HG)
M28;16x6;4X108;42;BLACK (B)
M28;16x6;4X108;42;HYPER GLOSS (HG)
M28;16x6;5X110;42;HYPER GLOSS (HG)
M28;16x6;4X114;42;BLACK FOSCO DIAMOND (BFD)
M28;16x6;4X114;42;HYPER GLOSS (HG)
M28;16x6;5X114;42;BLACK (B)
M28;16x6;5X114;42;HYPER GLOSS (HG)
M30;17x7;4X98;41;BLACK DIAMOND (BD)
M30;17x7;4X100;41;BLACK DIAMOND (BD)
M30;17x7;4X100;41;GLOSS SHADOW (GS)
M30;17x7;4X100;41;HYPER GLOSS (HG)
M30;17x7;5X100;40;BLACK (B)
M30;17x7;5X100;40;BLACK DIAMOND (BD)
M30;17x7;5X100;40;GLOSS SHADOW (GS)
M30;17x7;5X100;40;HYPER GLOSS (HG)
M30;17x7;5X105;40;BLACK DIAMOND (BD)
M30;17x7;4X108;25;BLACK DIAMOND (BD)
M30;17x7;4X108;25;GLOSS SHADOW (GS)
M30;17x7;4X108;41;BLACK DIAMOND (BD)
M30;17x7;5X108;40;BLACK DIAMOND (BD)
M30;17x7;5X110;30;BLACK (B)
M30;17x7;5X110;30;BLACK DIAMOND (BD)
M30;17x7;5X112;40;BLACK DIAMOND (BD)
M30;17x7;5X114,3;40;BLACK (B)
M30;17x7;5X114;40;BLACK DIAMOND (BD)
M30;17x7;5X114,3;40;GLOSS SHADOW (GS)
M30;17x7;5X120;40;BLACK DIAMOND (BD)
M30;18x8;5X98;30;BLACK (B)
M30;18x8;5X98;30;BLACK DIAMOND (BD)
M30;18x8;5X98;30;GLOSS SHADOW (GS)
M30;18x8;5X98;30;HYPER GLOSS (HG)
M30;18x8;4X100;41;BLACK DIAMOND (BD)
M30;18x8;4X100;41;HYPER GLOSS (HG)
M30;18x8;5X100;40;BLACK (B)
M30;18x8;5X100;40;BLACK DIAMOND (BD)
M30;18x8;5X100;40;GLOSS SHADOW (GS)
M30;18x8;5X100;40;HYPER GLOSS (HG)
M30;18x8;5X100;40;LIP BLACK FOSCO (LBF)
M30;18x8;5X105;40;BLACK (B)
M30;18x8;5X105;40;BLACK DIAMOND (BD)
M30;18x8;5X105;40;GLOSS SHADOW (GS)
M30;18x8;5X105;40;HYPER GLOSS (HG)
M30;18x8;5X105;40;LIP BLACK FOSCO (LBF)
M30;18x8;4X108;25;BLACK DIAMOND (BD)
M30;18x8;5X108;40;BLACK (B)
M30;18x8;5X108;40;BLACK DIAMOND (BD)
M30;18x8;5X108;40;GLOSS SHADOW (GS)
M30;18x8;5X108;40;HYPER GLOSS (HG)
M30;18x8;5X108;40;LIP BLACK FOSCO (LBF)
M30;18x8;5X110;30;BLACK (B)
M30;18x8;5X110;30;BLACK DIAMOND (BD)
M30;18x8;5X110;30;GLOSS SHADOW (GS)
M30;18x8;5X110;30;HYPER GLOSS (HG)
M30;18x8;5X112;42;BLACK (B)
M30;18x8;5X112;42;BLACK DIAMOND (BD)
M30;18x8;5X112;42;GLOSS SHADOW (GS)
M30;18x8;5X112;42;HYPER GLOSS (HG)
M30;18x8;5X114,3;40;BLACK (B)
M30;18x8;5X114,3;40;BLACK DIAMOND (BD)
M30;18x8;5X114,3;40;GLOSS SHADOW (GS)
M30;18x8;5X114,3;40;HYPER GLOSS (HG)
M30;18x8;5X114,3;40;LIP BLACK FOSCO (LBF)
M30;18x8;5X120;35;BLACK (B)
M30;18x8;5X120;35;BLACK DIAMOND (BD)
M30;18x8;5X120;35;GLOSS SHADOW (GS)
M30;18x8;5X120;35;HYPER GLOSS (HG)
M30;18x8;5X120;35;LIP BLACK FOSCO (LBF)
M30;19x8;5X98;30;BLACK DIAMOND (BD)
M30;19x8;5X100;40;BLACK DIAMOND (BD)
M30;19x8;5X110;30;BLACK (B)
M30;19x8;5X110;30;BLACK DIAMOND (BD)
M30;19x8;5X112;27;BLACK (B)
M30;19x8;5X112;27;BLACK DIAMOND (BD)
M30;19x8;5X112;42;BLACK (B)
M30;19x8;5X112;42;BLACK DIAMOND (BD)
M30;19x8;5X114;40;BLACK DIAMOND (BD)
M30;19x8;5X120;35;BLACK (B)
M30;19x8;5X120;35;BLACK DIAMOND (BD)
M30;19x9;5X112;34;BLACK (B)
M30;19x9;5X112;34;BLACK DIAMOND (BD)
M30;19x9;5X112;45;BLACK (B)
M30;19x9;5X112;45;BLACK DIAMOND (BD)
M30;19x9;5X120;42;BLACK (B)
M30;19x9;5X120;42;BLACK DIAMOND (BD)
M30;20x8;5X98;30;BLACK (B)
M30;20x8;5X98;30;GLOSS SHADOW (GS)
M30;20x8;5X100;40;BLACK (B)
M30;20x8;5X100;40;BLACK DIAMOND (BD)
M30;20x8;5X100;40;GLOSS SHADOW (GS)
M30;20x8;5X100;40;HYPER GLOSS (HG)
M30;20x8;5X105;40;BLACK (B)
M30;20x8;5X105;40;BLACK DIAMOND (BD)
M30;20x8;5X105;40;GLOSS SHADOW (GS)
M30;20x8;5X105;40;HYPER GLOSS (HG)
M30;20x8;5X108;40;BLACK (B)
M30;20x8;5X108;40;BLACK DIAMOND (BD)
M30;20x8;5X108;40;GLOSS SHADOW (GS)
M30;20x8;5X108;40;HYPER GLOSS (HG)
M30;20x8;5X110;30;BLACK (B)
M30;20x8;5X110;30;BLACK DIAMOND (BD)
M30;20x8;5X110;30;GLOSS SHADOW (GS)
M30;20x8;5X110;30;LIP BLACK FOSCO (LBF)
M30;20x8;5X112;42;BLACK (B)
M30;20x8;5X112;42;BLACK DIAMOND (BD)
M30;20x8;5X112;42;GLOSS SHADOW (GS)
M30;20x8;5X112;42;HYPER GLOSS (HG)
M30;20x8;5X114,3;40;BLACK (B)
M30;20x8;5X114,3;40;BLACK DIAMOND (BD)
M30;20x8;5X114,3;40;HYPER GLOSS (HG)
M30;20x8;5X114,3;40;LIP BLACK FOSCO (LBF)
M30;20x8;5X120;35;BLACK (B)
M30;20x8;5X120;35;BLACK DIAMOND (BD)
M30;20x8;5X120;35;HYPER GLOSS (HG)
M30;20x8;5X120;35;LIP BLACK FOSCO (LBF)
M31;17x9;5X114,3;-5;BLACK FOSCO (BF)
M31;17x9;5X114,3;-5;GOLD BLACK LI (GBL)
M31;17x9;6X114,3;15;BLACK FOSCO (BF)
M31;17x9;6X114,3;15;FGF (FGF)
M31;17x9;5X120;15;BLACK FOSCO (BF)
M31;17x9;5X120;15;FGF (FGF)
M31;17x9;6X139,7;15;BLACK FOSCO (BF)
M31;17x9;6X139,7;15;FGF (FGF)
M31;17x9;6X139,7;15;GOLD BLACK LI (GBL)
M31;17x9;6X139,7;-5;BLACK FOSCO (BF)
M31;17x9;6X139,7;-5;FGF (FGF)
M31;17x9;6X139,7;-5;GOLD BLACK LI (GBL)
M31;20x9;6X114,3;0;BLACK FOSCO (BF)
M31;20x9;6X114,3;0;FGF (FGF)
M31;20x9;5X120;0;BLACK FOSCO (BF)
M31;20x9;5X120;0;FGF (FGF)
M31;20x9;6X139,7;-20;BLACK (B)
M31;20x9;6X139,7;-20;BLACK FOSCO (BF)
M31;20x9;6X139,7;-20;FGF (FGF)
M31;20x9;6X139;0;BLACK (B)
M31;20x9;6X139,7;0;BLACK FOSCO (BF)
M31;20x9;6X139,7;0;BLACK FOSCO DIAMOND (BFD)
M31;20x9;6X139,7;0;FGF (FGF)
M31;20x9;6X139,7;0;GOLD BLACK LI (GBL)
M32;15x6;4X98/108;38;BLACK (B)
M32;15x6;4X98/108;38;GLOSS SHADOW (GS)
M32;15x6;4X98/108;38;HYPER GLOSS (HG)
M32;15x6;4X100/108;38;BLACK (B)
M32;15x6;4X100/108;38;GLOSS SHADOW (GS)
M32;15x6;4X100/108;38;HYPER GLOSS (HG)
M32;15x6;5X100/110;38;BLACK (B)
M32;15x6;5X100/110;38;HYPER GLOSS (HG)
M32;15x6;4X100/114,3;38;BLACK (B)
M32;15x6;4X100/114;38;GLOSS SHADOW (GS)
M32;15x6;4X100/114,3;38;HYPER GLOSS (HG)
M32;17x6;4X98/108;40;GLOSS SHADOW (GS)
M32;17x6;4X98/108;40;HYPER GLOSS (HG)
M32;17x6;4X100/108;40;GLOSS SHADOW (GS)
M32;17x6;4X100/108;40;HYPER GLOSS (HG)
M32;17x7;4X98/108;38;HYPER GLOSS (HG)
M32;17x7;4X100/108;38;BLACK (B)
M32;17x7;4X100/108;38;GLOSS SHADOW (GS)
M32;17x7;4X100/108;38;HYPER GLOSS (HG)
M32;17x7;5X100/108;38;BLACK (B)
M32;17x7;5X100/108;38;GLOSS SHADOW (GS)
M32;17x7;5X100/108;38;HYPER GLOSS (HG)
M32;17x7;5X100/110;38;BLACK (B)
M32;17x7;5X100/110;38;GLOSS SHADOW (GS)
M32;17x7;5X100/110;38;HYPER GLOSS (HG)
M32;17x7;5X100/112;38;BLACK (B)
M32;17x7;5X100/112;38;GLOSS SHADOW (GS)
M32;17x7;5X100/112;38;HYPER GLOSS (HG)
M32;17x7;4X100/114,3;38;BLACK (B)
M32;17x7;4X100/114;38;GLOSS SHADOW (GS)
M32;17x7;4X100/114,3;38;HYPER GLOSS (HG)
M32;17x7;5X100/114,3;38;BLACK (B)
M32;17x7;5X100/114;38;GLOSS SHADOW (GS)
M32;17x7;5X100/114,3;38;HYPER GLOSS (HG)
M32;17x7;5X100/105;38;BLACK (B)
M32;17x7;5X100/105;38;GLOSS SHADOW (GS)
M32;17x7;5X100/105;38;HYPER GLOSS (HG)
M33;18x8;6X114,3;20;BLACK FOSCO (BF)
M33;18x8;6X114,3;20;FGF (FGF)
M33;18x8;6X114,3;20;GOLD BLACK LI (GBL)
M33;18x8;5X120;20;BLACK FOSCO (BF)
M33;18x8;5X120;20;GOLD BLACK LI (GBL)
M33;18x8;5X127;20;BLACK FOSCO (BF)
M33;18x8;5X127;20;FGF (FGF)
M33;18x8;6X139,7;20;BLACK FOSCO (BF)
M33;18x8;6X139,7;20;FGF (FGF)
M33;18x8;6X139;20;GOLD BLACK LI (GBL)
M33;18x8;6X139,7;-5;BLACK FOSCO (BF)
M33;18x8;6X139,7;-5;FGF (FGF)
M33;18x8;6X139,7;-5;GOLD BLACK LI (GBL)
M33;22x9;6X114,3;15;BLACK FOSCO (BF)
M33;22x9;6X114,3;15;FGF (FGF)
M33;22x9;6X114,3;15;GOLD BLACK LI (GBL)
M33;22x9;6X135;15;BLACK FOSCO (BF)
M33;22x9;6X135;15;FGF (FGF)
M33;22x9;6X135;15;GOLD BLACK LI (GBL)
M33;22x9;5X120;15;BLACK FOSCO (BF)
M33;22x9;5X120;15;FGF (FGF)
M33;22x9;5X120;15;GOLD BLACK LI (GBL)
M33;22x9;5X127;15;BLACK FOSCO (BF)
M33;22x9;5X127;15;FGF (FGF)
M33;22x9;5X127;15;GOLD BLACK LI (GBL)
M33;22x9;6X139,7;15;BLACK FOSCO (BF)
M33;22x9;6X139,7;15;FGF (FGF)
M33;22x9;6X139,7;15;GOLD BLACK LI (GBL)
M34;20x8;5X112;28;BLACK (B)
M34;20x8;5X112;28;GLOSS SHADOW (GS)
M34;20x8;5X112;28;HYPER GLOSS (HG)
M34;20x8;5X98/110;30;BLACK (B)
M34;20x8;5X98/110;30;GLOSS SHADOW (GS)
M34;20x8;5X98/110;30;HYPER GLOSS (HG)
M34;20x8;5X120;35;BLACK (B)
M34;20x8;5X120;35;GLOSS SHADOW (GS)
M34;20x8;5X120;35;HYPER GLOSS (HG)
M34;20x8;4X100/108;40;BLACK (B)
M34;20x8;4X100/108;40;GLOSS SHADOW (GS)
M34;20x8;4X100/108;40;HYPER GLOSS (HG)
M34;20x8;5X100/108;40;BLACK (B)
M34;20x8;5X100/108;40;GLOSS SHADOW (GS)
M34;20x8;5X100/108;40;HYPER GLOSS (HG)
M34;20x8;5X100/5X112;40;BLACK (B)
M34;20x8;5X100/112;40;GLOSS SHADOW (GS)
M34;20x8;5X100/112;40;HYPER GLOSS (HG)
M34;20x8;5X100/114,3;40;BLACK (B)
M34;20x8;5X100/114;40;GLOSS SHADOW (GS)
M34;20x8;5X100/114,3;40;HYPER GLOSS (HG)
M34;20x8;5X100/105;40;BLACK (B)
M34;20x8;5X100/105;40;GLOSS SHADOW (GS)
M34;20x8;5X100/105;40;HYPER GLOSS (HG)
M36;19x4;5X108;7;BLACK (B)
M36;19x4;5X112;7;BLACK (B)
M36;19x4;5X114,3;7;BLACK (B)
M36;19x4;5X120;7;BLACK (B)
M47;15x7;4X100;30;HYPER DIAMOND (HD)
M50;15x7;5X114;0;CROMADA (CR)
M50;15x7;5X114;0;CROMADA (CR)
M50;15x7;5X139;38;CROMADA (CR)
M5;15x6;4X100;38;HYPER GLOSS (HG)
M5;15x7;5X110;40;HYPER GLOSS (HG)
M5;17x6;4X100;40;HYPER GLOSS (HG)
M5;17x7;4X100;40;HYPER GLOSS (HG)
M5;17x7;5X110;40;HYPER GLOSS (HG)
M6;15x7;4X100;32;BLACK DIAMOND (BD)
M6;15x7;4X100;32;HYPER DIAMOND (HD)
M6;15x7;5X112;32;HYPER DIAMOND (HD)
M6;17x6;4X100;42;HYPER DIAMOND (HD)
M6;17x6;5X112;42;HYPER DIAMOND (HD)
M6;17x7;4X100;40;HYPER DIAMOND (HD)
M7;14x5;3X100;35;BLACK (B)
M7;14x5;3X100;35;BLACK DIAMOND (BD)
M8;14X6;5X114;20;BRUTA (BRUTA)
M8;14x6;5X114;20;BLACK DIAMOND (BD)
M8;14x6;5X114;20;FACE BLACK DIAMOND (FBD)
M8;14x6;5X114;20;POLIDA (P)
M8;14x7;5X114;30;BRUTA (BRUTA)
M8;14x7;5X114;30;BLACK DIAMOND (BD)
M8;14x7;5X114;30;FACE BLACK DIAMOND (FBD)
M8;14x7;5X114;30;POLIDA (P)
M8;15x7;5X114;25;BRUTA (BRUTA)
M8;15x7;5X114;25;BLACK DIAMOND (BD)
M8;15x7;5X114;25;FACE BLACK DIAMOND (FBD)
M8;15x7;5X114;25;POLIDA (P)
M8;15x8;5X114;25;BRUTA (BRUTA)
M8;15x8;5X114;25;BLACK DIAMOND (BD)
M8;15x8;5X114;25;FACE BLACK DIAMOND (FBD)
M8;15x8;5X114;25;POLIDA (P)
MAGNA;18x7;4X99/108;38;BLACK (B)
MAGNA;18x7;4X99/108;38;GRAFITE BRILHANT (GB)
MAGNA;18x7;5X100/113;38;SILVER STAR (SS)
MK7;20x8;5X112;42;SILVER STAR (SS)
MORGAN;15x6;4X108;35;BLACK (B)
MORGAN;15x6;4X108;35;GRAFITE BRILH B� (GBBD)
MORGAN;15x6;4X108;35;SILVER STAR (SS)
MORGAN;15x6;4X99;35;BLACK (B)
MORGAN;15x6;4X99;35;BLACK DIAM BRILH (BBD)
MORGAN;15x6;4X99;35;SILVER STAR (SS)
MORGAN;17X7;4X108;38;GRAFITE BRILH B� (GBBD)
MORGAN;17X7;4X108;38;SILVER STAR (SS)
MORGAN;17X7;4X99;38;BLACK (B)
MORGAN;17X7;4X99;38;GRAFITE BRILH B� (GBBD)
MORGAN;17X7;4X99;38;SILVER STAR (SS)
MORGAN;17x7;5X100;38;SILVER STAR (SS)
MORGAN;17X7;5X113;38;BLACK FOSCO BORD (BFBD)
MORGAN;17X7;5X113;38;OURO V DIAMANTADO (OUROD)
MORGAN;17X7;5X113;38;SILVER STAR (SS)
NEW SUNLINE;15x7;4X99/108;35;BLACK (B)
NEW SUNLINE;17x7;4X99/108;38;BLACK (B)
NEW SUNLINE;17x7;4X99/108;38;GRAFITE BRILHANT (GB)
NEW SUNLINE;17x7;4X99/108;38;SILVER STAR (SS)
NEW SUNLINE;17x7;4X99/114;38;BLACK (B)
NEW SUNLINE;17x7;5X100/110;38;BLACK (B)
NEW SUNLINE;17x7;5X100/110;38;GRAFITE BRILHANT (GB)
NEW SUNLINE;17x7;5X100/113;38;BLACK (B)
NEW SUNLINE;17x7;5X100/113;38;GRAFITE BRILHANT (GB)
NEW SUNLINE;17x7;5X100/113;38;SILVER STAR (SS)
NEW SUNLINE;18x7;4X99/108;38;BLACK (B)
NEW SUNLINE;18x7;4X99/108;38;GRAFITE BRILHANT (GB)
NEW SUNLINE;18x7;4X99/108;38;SILVER STAR (SS)
NEW SUNLINE;18x7;5X100/113;38;BLACK (B)
NEW SUNLINE;18x7;5X100/113;38;GRAFITE BRILHANT (GB)
NEW SUNLINE;18x7;5X100/113;38;SILVER STAR (SS)
NEW SUNLINE;18x7;5X105/108;38;BLACK (B)
NEW SUNLINE;18x7;5X105/108;38;SILVER STAR (SS)
NV41;18x7;5X100;40;BLACK DIAMOND (BD)
NV41;18x7;5X100;40;BLACK DIAM SMOKE (BDS)
NV47;15X7;4X99/108;32;PRATA DIAM (SD)
NV47;18x6;4X99;28;DIAM PRATA (DP)
NV49;16x7;5X120;50;GRAFITE (GR)
NV FITTI;15x6;;24;PRATA DIAM (SD)
OPALA DIPLOMATA;17x7;17X7;35;HYPER DIAMOND (HD)
ORBITAL;17X6;4X100;35;SILVER STAR (SS)
ORION;15X5,5;4X130;30;DIAMOND (D)
ORION;15x8;4X130;0;DIAMOND (D)
ORION;15x8;5X114;0;DIAMOND (D)
ORION;15x8;5X139;0;DIAMOND (D)
ORION;15x8;6X139;0;DIAMOND (D)
ORION;16x7;5X114;0;DIAMOND (D)
ORION;16x7;5X120;0;DIAMOND (D)
ORION;16x7;5X139;0;DIAMOND (D)
ORION;16x7;6X139;0;DIAMOND (D)
FASTBACK;15x6;4X98;38;BLACK (B)
PEUGEOT;18x7;4X108;25;BLACK DIAMOND (BD)
PINGO;15x7;4X100;30;BLACK DIAMOND (BD)
PINGO;17x7;4X100;30;BLACK DIAMOND (BD)
Q8;20x8;5X113;40;BLACK DIAMOND (BD)
R10;13X5,5;4X100;36;BLACK DIAMOND (BD)
R10;13X5,5;4X100;36;GRAPHITE DIAMOND (GD)
R10;14x6;4X100;38;BLACK DIAMOND (BD)
R10;14x6;4X100;38;GRAPHITE DIAMOND (GD)
R10;15x6;4X100;38;BLACK DIAMOND (BD)
R14;15x6;4X98;42;GRAPHITE DIAMOND (GD)
R14;17x7;4X98;42;GRAPHITE DIAMOND (GD)
R15;15x6;4X100;45;GRAFITE FOSC (GF)
R15;15x6;4X100;45;SILVER STAR (SS)
R15;17x7;4X100;41;GRAFITE FOSC (GF)
R15;17x7;4X100;41;SILVER STAR (SS)
R16;14x6;4X100;43;GRAFITE FOSC (GF)
R16;14x6;4X100;43;SILVER STAR (SS)
R16;15x6;4X100;43;GRAFITE FOSC (GF)
R16;15x6;4X100;43;SILVER STAR (SS)
R17;15x6;4X98;41;GRAFITE FOSC (GF)
R17;15x6;4X98;41;SILVER STAR (SS)
R18;14x6;4X98;38;GRAPHITE DIAMOND (GD)
R18;15x6;4X98;41;GRAPHITE DIAMOND (GD)
R20;14x6;4X98;42;GRAPHITE DIAMOND (GD)
R20;15x6;4X98;42;GRAPHITE DIAMOND (GD)
R20;17x7;4X98;45;GRAPHITE DIAMOND (GD)
R23;15x6;4X98;35;GRAPHITE DIAMOND (GD)
R23;17x7;4X98;41;GRAPHITE DIAMOND (GD)
R26;14x6;4X100;49;GRAFITE FOSC (GF)
R26;14x6;4X100;49;SILVER STAR (SS)
R26;15x6;4X100;49;GRAFITE FOSC (GF)
R26;15x6;4X100;49;SILVER STAR (SS)
R26;17x7;4X100;43;SILVER STAR (SS)
R29;17x7;4X100;40;BLACK DIAMOND (BD)
R29;17x7;5X114,3;40;BLACK DIAMOND (BD)
R29;18x7;4X100;40;BLACK DIAMOND (BD)
R29;18x7;5X114;40;BLACK DIAMOND (BD)
R29;20X7,5;5X114;45;BLACK DIAMOND (BD)
R32;16x7;6X139,7;27;GRAPHITE DIAMOND (GD)
R32;16x7;6X139,7;27;SILVER STAR (SS)
R37;16x7;6X139,7;23;GRAFITE FOSC (GF)
R37;16x7;6X139,7;23;SILVER STAR (SS)
R37;17x7;6X139,7;23;GRAFITE FOSC (GF)
R37;17x7;6X139,7;23;SILVER STAR (SS)
R37;20X8,5;6X139,7;33;SILVER STAR (SS)
R37;22x9;6X139;40;SILVER STAR (SS)
R39;13X5,5;4X98;40;BLACK DIAMOND (BD)
R39;13X5,5;4X100;40;BLACK DIAMOND (BD)
R39;13X5,5;4X108;40;BLACK DIAMOND (BD)
R39;14x6;4X98;40;BLACK DIAMOND (BD)
R39;14x6;4X100;40;BLACK DIAMOND (BD)
R39;14x6;4X108;40;BLACK DIAMOND (BD)
R41;15x6;4X108;25;BLACK DIAMOND (BD)
R41;15x6;4X108;25;GRAPHITE DIAMOND (GD)
R41;15x6;4X108;25;GRAFITE FOSC (GF)
R41;15x6;4X108;25;SILVER STAR (SS)
R41;17x7;4X108;25;GRAFITE FOSC (GF)
R41;17x7;4X108;25;SILVER STAR (SS)
R42;14x6;4X100;39;BLACK DIAMOND (BD)
R42;15x6;4X100;45;BLACK DIAMOND (BD)
R42;15x6;4X100;45;PRATA DIAM (SD)
R43;14x6;4X100;39;GRAFITE FOSC (GF)
R43;14x6;4X100;39;SILVER STAR (SS)
R45;14x6;4X100;39;GRAPHITE DIAMOND (GD)
R45;14x6;5X100;39;GRAPHITE DIAMOND (GD)
R45;15x6;4X100;40;BLACK DIAMOND (BD)
R45;15x6;4X100;40;GRAPHITE DIAMOND (GD)
R45;15x6;5X100;40;GRAPHITE DIAMOND (GD)
R45;17x7;4X100;40;BLACK DIAMOND (BD)
R45;17x7;4X100;40;GRAPHITE DIAMOND (GD)
R45;17x7;5X100;40;GRAPHITE DIAMOND (GD)
R46;17x7;4X100;41;BLACK DIAMOND (BD)
R46;17x7;5X100;41;BLACK DIAMOND (BD)
R46;17x7;5X112;41;BLACK DIAMOND (BD)
R50;14x6;4X100;28;BLACK DIAMOND (BD)
R50;14x6;4X100;28;GRAFITE FOSC (GF)
R50;14x6;4X100;28;SILVER STAR (SS)
R51;17x7;4X100;41;GRAFITE FOSC (GF)
R51;17x7;4X100;41;SILVER STAR (SS)
R53;20X8,5;6X139;35;GRAPHITE DIAMOND (GD)
R53;20X8,5;6X139;35;HYPER GLOSS (HG)
R53;22x9;6X139;40;GRAPHITE DIAMOND (GD)
R53;22x9;6X139;40;HYPER GLOSS (HG)
R54;17x7;4X100;40;BLACK DIAMOND (BD)
R54;17x7;4X100;40;GRAPHITE DIAMOND (GD)
R54;17x7;5X120;40;BLACK DIAMOND (BD)
R54;17x7;5X120;40;GRAPHITE DIAMOND (GD)
R54;18x7;4X100;40;GRAPHITE DIAMOND (GD)
R54;18x7;5X105;40;GRAPHITE DIAMOND (GD)
R54;18x7;5X114;40;BLACK DIAMOND (BD)
R54;18x7;5X114;40;GRAPHITE DIAMOND (GD)
R54;18x7;5X120;40;BLACK DIAMOND (BD)
R54;18x7;5X120;40;GRAPHITE DIAMOND (GD)
R54;20X7,5;5X112;40;BLACK DIAMOND (BD)
R54;20X7,5;5X114;40;BLACK DIAMOND (BD)
R54;20X7,5;5X120;40;BLACK DIAMOND (BD)
R54;20X7,5;5X120;40;GRAPHITE DIAMOND (GD)
R56;17x7;4X100;40;GRAPHITE DIAMOND (GD)
R56;17x7;5X120;40;GRAPHITE DIAMOND (GD)
R56;18x7;4X100;40;GRAPHITE DIAMOND (GD)
R60;14x6;4X98;35;BLACK DIAMOND (BD)
R6;15x6;4X100;40;SILVER STAR (SS)
R6;17x6;4X100;35;SILVER STAR (SS)
R62;15x6;4X108;25;BLACK DIAMOND (BD)
R62;15x6;4X108;25;GRAPHITE DIAMOND (GD)
R62;17x7;4X108;25;BLACK DIAMOND (BD)
R62;17x7;4X108;25;GRAPHITE DIAMOND (GD)
R63;14x6;4X100;36;SILVER STAR (SS)
R64;16x6;5X100;39;BLACK (B)
R64;16x6;5X100;39;GRAPHITE DIAMOND (GD)
R65;15x6;4X100;43;GRAPHITE DIAMOND (GD)
R65;15x6;5X100;43;GRAPHITE DIAMOND (GD)
R65;15x6;5X100;43;GRAFITE FOSC (GF)
R66;14x6;4X108;30;BLACK (B)
R66;14x6;4X108;30;HYPER GLOSS (HG)
R66;15x6;4X108;36;BLACK (B)
R66;15x6;4X108;36;HYPER GLOSS (HG)
R66;20X7,5;4X100;40;GRAPHITE DIAMOND (GD)
R66;20X7,5;4X100;40;HYPER DIAMOND (HD)
R66;20X7,5;5X100;40;BLACK GLOSS (BG)
R68;20x8;6X139;33;SILVER STAR (SS)
R68;22x9;6X139;40;SILVER STAR (SS)
R70;18x7;5X108;38;HYPER GLOSS (HG)
R70;20X7,5;5X100;38;SILVER STAR (SS)
R70;20X7,5;5X114;38;HYPER GLOSS (HG)
R7;14x6;4X100;38;GRAFITE FOSC (GF)
R7;14x6;4X100;38;SILVER STAR (SS)
R7;15x6;4X100;38;GRAFITE FOSC (GF)
R7;15x6;4X100;38;SILVER STAR (SS)
R7;15x6;5X100;38;SILVER STAR (SS)
R72;16x7;6X139,7;25;GRAPHITE DIAMOND (GD)
R72;17x7;6X139,7;25;GRAPHITE DIAMOND (GD)
R72;18x7;6X139,7;25;GRAPHITE DIAMOND (GD)
R72;20X8,5;6X139,7;35;GRAPHITE DIAMOND (GD)
R72;22X9;6X139;25;GRAPHITE DIAMOND (GD)
R73;14x6;4X98;30;GRAPHITE DIAMOND (GD)
R73;14X6;4X98;30;GRAPHITE FOSCO DIAM (GFD)
R73;15x6;4X98;35;GRAPHITE DIAMOND (GD)
R73;15X6;4X98;35;GRAPHITE FOSCO DIAM (GFD)
R73;17x7;5X110;37;GRAPHITE FOSCO DIAM (GFD)
R74;13X5,5;4X100;30;BLACK DIAMOND (BD)
R74;13X5,5;4X100;30;GRAPHITE DIAMOND (GD)
R74;14x6;4X100;30;BLACK DIAMOND (BD)
R74;15x6;4X100;36;BLACK DIAMOND (BD)
R74;17x7;4X100;38;BLACK DIAMOND (BD)
R74;17x7;4X100;38;GRAPHITE DIAMOND (GD)
R75;15x6;4X100;36;BLACK DIAMOND (BD)
R75;15x6;4X100;36;GRAPHITE DIAMOND (GD)
R75;17x7;4X100;38;BLACK DIAMOND (BD)
R75;17x7;4X100;38;GRAPHITE DIAMOND (GD)
R76;16x6;5X110;28;GRAPHITE DIAMOND (GD)
R76;18x7;5X110;40;GRAPHITE DIAMOND (GD)
R78;14x6;4X100;36;GRAFITE FOSC (GF)
R78;14x6;4X100;36;SILVER STAR (SS)
R78;15x6;4X100;42;SILVER STAR (SS)
R79;16x7;6X139;33;BLACK (B)
R79;16x7;6X139,7;33;BLACK DIAMOND (BD)
R79;18x7;6X139;35;BLACK (B)
R79;18x7;6X139,7;35;BLACK DIAMOND (BD)
R79;20X8,5;6X139,7;35;BLACK DIAMOND (BD)
R79;22x9;6X139;40;BLACK DIAMOND (BD)
R80;14x6;4X100;39;BLACK (B)
R80;14x6;4X100;39;BLACK DIAMOND (BD)
R80;15x6;4X100;39;BLACK (B)
R80;15x6;4X100;39;BLACK DIAMOND (BD)
R80;15x6;4X100;39;GRAPHITE DIAMOND (GD)
R81;14x6;4X100;35;BLACK DIAMOND (BD)
R81;15x6;4X100;38;BLACK DIAMOND (BD)
R82;14x6;4X100;39;BLACK DIAMOND (BD)
R82;14x6;4X100;39;GRAPHITE DIAM CLAR (GDC)
R82;14x6;4X100;39;GRAPHITE DIAM ESC (GDE)
R82;15x6;4X100;39;BLACK DIAMOND (BD)
R82;15x6;4X100;39;GRAPHITE DIAM CLAR (GDC)
R82;15x6;4X100;39;GRAPHITE DIAM ESC (GDE)
R83;15x6;4X100;36;BLACK DIAMOND (BD)
R83;17x6;4X100;42;BLACK DIAMOND (BD)
R83;17x7;4X100;40;BLACK DIAMOND (BD)
R84;14x6;5X112;27;BLACK DIAMOND (BD)
R84;14x6;4X130;27;BLACK DIAMOND (BD)
R84;14x6;4X130;27;GRAPHITE DIAMOND (GD)
R84;14x6;4X130;27;PRATA DIAM (SD)
R84;15x6;4X130;36;BRUTA  ()
R84;15x6;4X130;36;BLACK DIAMOND (BD)
R84;15x6;4X130;36;GRAPHITE DIAMOND (GD)
R84;15X6;4X130;36;POLIDA (P)
R84;15x6;4X130;36;PRATA DIAM (SD)
R84;17x6;4X130;42;BRUTA (BRUTA)
R84;17x6;4X130;42;BLACK DIAMOND (BD)
R84;17x6;4X130;42;GRAPHITE DIAMOND (GD)
R84;17x6;4X130;42;POLIDA (P)
R84;17x6;4X130;42;PRATA DIAM (SD)
R85;17x7;4X100;40;SILVER STAR (SS)
R86;20X7,5;5X112;40;BLACK DIAMOND (BD)
R87;16x7;5X120;40;BLACK DIAMOND (BD)
R87;18x7;5X120;40;BLACK (B)
R87;18x7;5X120;40;BLACK DIAMOND (BD)
R87;20X8,5;5X120;40;BLACK (B)
R87;20X8,5;5X120;40;BLACK DIAMOND (BD)
R87;22x9;5X120;45;BLACK (B)
R87;22x9;5X120;45;BLACK DIAMOND (BD)
R88;14x6;4X98;35;BLACK DIAMOND (BD)
R89;16x6;5X100;39;BLACK DIAMOND (BD)
R89;16x6;5X100;39;GRAPHITE DIAMOND (GD)
R89;17x7;5X100;45;BLACK DIAMOND (BD)
R90;16x6;4X100;40;BLACK DIAMOND (BD)
R91;14x6;4X98;35;BLACK DIAMOND (BD)
R92;14x6;4X98;35;BLACK (B)
R92;14x6;4X98;35;BLACK DIAMOND (BD)
R92;15x6;4X98;36;BLACK (B)
R92;15x6;4X98;36;BLACK DIAMOND (BD)
R92;17x6;4X98;44;BLACK (B)
R92;17x6;4X98;44;BLACK DIAMOND (BD)
R93;14x6;4X100;30;BLACK DIAMOND (BD)
R93;14x6;4X100;30;GRAPHITE DIAMOND (GD)
R93;15x6;4X100;38;BLACK DIAMOND (BD)
R93;15x6;5X100;38;BLACK (B)
R93;15x6;5X100;38;BLACK DIAMOND (BD)
R93;17x7;4X100;38;BLACK (B)
R93;17x7;4X100;38;BLACK DIAMOND (BD)
R93;17x7;5X100;38;BLACK (B)
R93;17x7;5X100;47;BLACK DIAMOND (BD)
R93;17x7;5X112;47;BLACK DIAMOND (BD)
R93;17x7;5X112;47;GRAPHITE DIAMOND (GD)
R93;18x7;4X100;40;BLACK DIAMOND (BD)
R93;18x7;5X100;47;BLACK DIAMOND (BD)
R93;18x7;5X112;47;BLACK DIAMOND (BD)
R93;18x7;5X112;47;GRAPHITE DIAMOND (GD)
R93;20X7,5;4X100;40;BLACK DIAMOND (BD)
R93;20X7,5;5X100;40;BLACK DIAMOND (BD)
R93;20X7,5;5X100;47;BLACK DIAMOND (BD)
R93;20X7,5;5X112;47;BLACK DIAMOND (BD)
R93;20X7,5;5X112;47;GRAPHITE DIAMOND (GD)
R94;15x6;4X100;38;BLACK (B)
R94;15x6;4X100;38;BLACK DIAMOND (BD)
R94;15x6;4X100;38;BLACK DIAM SMOKE (BDS)
R94;15X6;5X100;38;BLACK (B)
R94;15x6;5X100;38;BLACK DIAMOND (BD)
R94;15x6;5X100;38;BLACK DIAM SMOKE (BDS)
R94;15x6;5X100;38;GRAPHITE DIAMOND (GD)
R94;17x7;4X100;38;BLACK (B)
R94;17x7;4X100;38;BLACK DIAMOND (BD)
R94;17x7;4X100;38;BLACK DIAM SMOKE (BDS)
R94;17x7;4X100;38;GRAPHITE DIAMOND (GD)
R94;17x7;5X100;38;BLACK (B)
R94;17x7;5X100;38;BLACK DIAMOND (BD)
R94;17x7;5X100;38;BLACK DIAM SMOKE (BDS)
R94;17x7;5X112;38;BLACK DIAMOND (BD)
R96;14x6;4X100;35;BLACK DIAMOND (BD)
R96;14x6;4X100;35;GRAPHITE DIAMOND (GD)
R97;15x6;4X100;38;BLACK DIAMOND (BD)
R97;15x6;4X100;38;GRAFITE BRILHANT (GB)
R99;15x6;4X100;50;BLACK DIAMOND (BD)
RANGER;17x7;6X139,7;35;BLACK DIAMOND (BD)
S02;16x6;5X110;28;BLACK DIAMOND (BD)
S02;16x6;5X110;28;GRAPHITE DIAMOND (GD)
S02;18x7;5X110;40;BLACK DIAMOND (BD)
S02;18x7;5X110;40;GRAPHITE DIAMOND (GD)
S03;14x6;4X98;35;BLACK (B)
S03;14x6;4X98;35;BLACK DIAMOND (BD)
S03;14x6;4X98;35;GRAPHITE DIAMOND (GD)
S03;15x6;4X98;36;BLACK (B)
S03;15x6;4X98;36;BLACK DIAMOND (BD)
S03;15x6;4X98;36;GRAPHITE DIAMOND (GD)
S03;17x6;4X98;38;BLACK (B)
S03;17x6;4X98;38;BLACK DIAMOND (BD)
S03;17x6;4X98;38;GRAPHITE FOSCO DIAM (GFD)
S04;15x6;4X100;50;BLACK DIAMOND (BD)
S05;16x6;4X108;20;BLACK FOSCO DIAMOND (BFD)
S07;17x7;5X120;40;BLACK (B)
S07;17x7;5X120;40;GRAFITE FOSC (GF)
S07;17x7;5X120;40;HYPER GLOSS (HG)
S07;18x7;5X120;40;BLACK (B)
S07;18x7;5X120;40;GRAFITE FOSC (GF)
S07;18x7;5X120;40;HYPER GLOSS (HG)
S07;20X8,5;5X120;40;BLACK (B)
S07;20X8,5;5X120;40;GRAFITE FOSC (GF)
S07;20X8,5;5X120;40;HYPER GLOSS (HG)
S07;22x9;5X120;45;BLACK (B)
S07;22x9;5X120;45;GRAFITE FOSC (GF)
S07;22x9;5X120;45;HYPER GLOSS (HG)
S08;16x6;5X114;43;BLACK DIAMOND (BD)
S10;16x6;4X108;23;GRAPHITE DIAMOND (GD)
S11;17X7;6X139,7;25;BLACK DIAMOND (BD)
S11;20X8,5;6X139,7;35;BLACK DIAMOND (BD)
S12;16x6;5X114,3;43;BLACK DIAMOND (BD)
S13;14x6;4X100;38;BLACK DIAMOND (BD)
S13;15x6;4X100;42;BLACK (B)
S14;16x6;4X108;15;BLACK DIAMOND (BD)
S14;17x6;4X108;15;BLACK DIAMOND (BD)
S15;15x6;4X98;40;BLACK (B)
S15;15x6;4X98;40;GRAFITE BRILHANT (GB)
S15;15x6;4X98;40;HYPER GLOSS (HG)
S16;16x6;5X114;46;BLACK DIAMOND (BD)
S16;17x7;5X114;46;BLACK DIAMOND (BD)
S18;15x6;4X100;38;BLACK (B)
S18;15x6;4X100;38;HYPER GLOSS (HG)
S18;15x6;5X100;38;BLACK (B)
S18;15x6;5X100;38;HYPER GLOSS (HG)
S18;17x6;4X100;42;HYPER GLOSS (HG)
S18;17x6;5X100;42;HYPER GLOSS (HG)
S18;17x7;4X100;38;BLACK (B)
S18;17x7;4X100;38;HYPER GLOSS (HG)
S18;17x7;5X100;38;GRAFITE BRILHANT (GB)
S18;17x7;5X100;38;HYPER GLOSS (HG)
S18;17x7;5X112;38;GRAFITE BRILHANT (GB)
S18;17x7;5X112;38;HYPER GLOSS (HG)
S18;18x7;4X100;38;BLACK (B)
S18;18x7;4X100;38;HYPER GLOSS (HG)
S18;18x7;5X100;38;GRAFITE BRILHANT (GB)
S18;18x7;5X100;38;HYPER GLOSS (HG)
S18;18x7;5X112;38;BLACK (B)
S18;18x7;5X112;38;GRAFITE BRILHANT (GB)
S18;18x7;5X112;38;HYPER GLOSS (HG)
S18;20X7,5;4X100;38;HYPER GLOSS (HG)
S18;20X7,5;5X100;38;GRAFITE BRILHANT (GB)
S18;20X7,5;5X100;38;HYPER GLOSS (HG)
S18;20X7,5;5X112;38;GRAFITE BRILHANT (GB)
S18;20X7,5;5X112;38;HYPER GLOSS (HG)
S19;14x6;4X100;30;BLACK DIAMOND (BD)
S19;15x6;4X100;38;BLACK DIAMOND (BD)
S19;15x6;5X100;38;BLACK DIAMOND (BD)
S19;17x7;4X100;38;BLACK DIAMOND (BD)
S19;17x7;5X100;38;BLACK DIAMOND (BD)
S19;17x7;5X112;45;BLACK DIAMOND (BD)
S19;18x7;4X100;38;BLACK DIAMOND (BD)
S19;18x7;5X100;38;BLACK DIAMOND (BD)
S19;18x7;5X100;38;BLACK DIAM SMOKE (BDS)
S19;18x7;5X112;45;BLACK DIAMOND (BD)
S19;18x7;5X112;45;BLACK DIAM SMOKE (BDS)
S19;20X7,5;4X100;38;BLACK DIAMOND (BD)
S19;20X7,5;5X100;38;BLACK DIAMOND (BD)
S19;20X7,5;5X112;45;BLACK DIAMOND (BD)
S20;14x6;4X100;38;BLACK DIAMOND (BD)
S20;14x6;4X100;38;GRAPHITE DIAMOND (GD)
S20;15x6;4X100;42;BLACK DIAMOND (BD)
S20;15X6;4X100;42;GRAPHITE DIAMOND (GD)
S21;14x6;4X100;39;BLACK (B)
S21;14x6;4X100;39;BLACK DIAMOND (BD)
S21;14x6;4X100;39;SILVER STAR (SS)
S21;15x6;4X100;39;BLACK (B)
S21;15x6;4X100;39;BLACK DIAMOND (BD)
S21;15x6;4X100;39;SILVER STAR (SS)
S21;17x6;4X100;36;BLACK (B)
S21;17x6;4X100;36;BLACK DIAMOND (BD)
S21;17x6;4X100;36;SILVER STAR (SS)
S22;16x6;5X100;37;BLACK DIAMOND (BD)
S22;16x6;5X100;37;GRAFITE BRILHANT (GB)
S22;16x6;5X100;37;LIP BLACK DIAMOND (LBD)
S22;17x7;5X100;39;BLACK DIAMOND (BD)
S22;17x7;5X100;39;GRAFITE BRILHANT (GB)
S22;17x7;5X100;39;LIP BLACK DIAMOND (LBD)
S23;17x6;4X100;36;BLACK DIAMOND (BD)
S23;17x6;4X108;36;BLACK DIAMOND (BD)
S23;17x7;4X100;40;BLACK DIAMOND (BD)
S23;17x7;5X100;40;BLACK DIAMOND (BD)
S23;17x7;5X105;40;BLACK DIAMOND (BD)
S23;17x7;5X108;40;BLACK DIAMOND (BD)
S23;17x7;5X114;40;BLACK DIAMOND (BD)
S23;18x6;4X100;36;BLACK (B)
S23;18x6;4X100;36;BLACK DIAMOND (BD)
S23;18x6;5X100;36;BLACK DIAMOND (BD)
S23;18x6;4X108;36;BLACK DIAMOND (BD)
S23;18x7;4X100;40;BLACK DIAMOND (BD)
S23;18x7;5X100;40;BLACK DIAMOND (BD)
S23;18x7;5X105;40;BLACK DIAMOND (BD)
S23;18x7;5X108;40;BLACK DIAMOND (BD)
S23;18x7;5X112;40;BLACK DIAMOND (BD)
S23;18x7;5X114;40;BLACK DIAMOND (BD)
S24;16x6;4X100;36;BLACK DIAMOND (BD)
S24;16x6;4X100;36;GRAPHITE FOSCO DIAM (GFD)
S24;16x6;5X105;36;BLACK DIAMOND (BD)
S24;16x6;5X105;36;GRAPHITE DIAMOND (GD)
S24;16x6;5X105;36;GRAPHITE FOSCO DIAM (GFD)
S24;16x6;5X110;36;BLACK DIAMOND (BD)
S24;17x7;4X100;41;BLACK DIAMOND (BD)
S24;17x7;4X100;41;GRAPHITE FOSCO DIAM (GFD)
S24;17x7;5X105;41;BLACK DIAMOND (BD)
S24;17x7;5X105;41;GRAPHITE DIAMOND (GD)
S24;17x7;5X105;41;GRAPHITE FOSCO DIAM (GFD)
S24;17x7;5X110;41;BLACK DIAMOND (BD)
S25;16x6;5X100;35;BLACK DIAMOND (BD)
S25;16x6;5X100;35;BLACK DIAM SMOKE (BDS)
S25;17x7;5X100;39;BLACK DIAMOND (BD)
S25;17x7;5X100;39;BLACK DIAM SMOKE (BDS)
S27;15x6;4X98;36;BLACK DIAMOND (BD)
S27;15x6;4X98;36;GRAPHITE FOSCO DIAM (GFD)
S27;16x6;4X98;40;BLACK DIAMOND (BD)
S27;16x6;4X98;40;GRAPHITE FOSCO DIAM (GFD)
S29;15x6;4X98;40;BLACK DIAMOND (BD)
S29;16x6;4X98;40;BLACK DIAMOND (BD)
S29;16x6;4X98;40;GRAPHITE FOSCO DIAM (GFD)
S30;16x7;6X139;28;BLACK (B)
S30;16x7;6X139;28;BLACK DIAMOND (BD)
S30;16x7;6X139;28;GRAPHITE DIAMOND (GD)
S30;17x7;6X139;28;BLACK DIAMOND (BD)
S30;17x7;6X139;28;GRAPHITE DIAMOND (GD)
S30;18x7;6X139;28;BLACK (B)
S30;18x7;6X139;28;BLACK DIAMOND (BD)
S30;18x7;6X139;28;GRAPHITE DIAMOND (GD)
S31;17x7;6X139;25;BLACK DIAMOND (BD)
S31;18x7;6X139;25;BLACK DIAMOND (BD)
S31;20X8,5;6X139;35;BLACK DIAMOND (BD)
S31;22x9;6X139;25;BLACK DIAMOND (BD)
S32;18X7,5;6X139;30;BLACK DIAMOND (BD)
S32;18X7,5;6X139;30;GLOSS (GL)
S32;20X8,5;6X139;35;BLACK DIAMOND (BD)
S32;20X8,5;6X139;35;GLOSS (GL)
S32;22x9;6X139;25;BLACK DIAMOND (BD)
S32;22x9;6X139;25;GLOSS (GL)
S33;16x6;4X100;40;BLACK (B)
S33;16x6;4X100;40;BLACK DIAMOND (BD)
S34;16x6;5X110;28;BLACK (B)
S34;16x6;5X110;28;BLACK DIAMOND (BD)
S34;16x6;5X110;28;GRAPHITE DIAMOND (GD)
S34;18x7;5X110;40;BLACK (B)
S34;18x7;5X110;40;BLACK DIAMOND (BD)
S34;18x7;5X110;40;GRAPHITE DIAMOND (GD)
S35;14x6;4X100;39;BLACK (B)
S35;14x6;4X100;39;BLACK DIAMOND (BD)
S35;15x6;4X100;39;BLACK (B)
S35;15x6;4X100;39;BLACK DIAMOND (BD)
S36;18X7,5;6X139;35;BLACK DIAMOND (BD)
S37;16x6;5X114;43;BLACK DIAMOND (BD)
S38;15x6;4X108;25;BLACK (B)
S38;15x6;4X108;25;BLACK DIAMOND (BD)
S38;15x6;4X108;25;GRAPHITE DIAMOND (GD)
S39;18X7,5;6X139;30;BLACK DIAMOND (BD)
S39;18X7,5;6X139,7;30;BLACK DIAM SMOKE (BDS)
S39;18X7,5;6X139;30;GRAPHITE DIAMOND (GD)
S39;20X8,5;6X139;35;BLACK DIAMOND (BD)
S39;22x9;6X139;42;BLACK DIAMOND (BD)
S40;15x6;4X100;35;BLACK DIAMOND (BD)
S41;16x6;4X98;35;BLACK DIAMOND (BD)
S41;16x6;4X98;35;GRAPHITE DIAMOND (GD)
S42;14x6;4X100;38;BLACK DIAMOND (BD)
S42;14x6;4X100;38;GRAPHITE DIAMOND (GD)
S42;15x6;4X100;42;BLACK (B)
S42;15x6;4X100;42;BLACK DIAMOND (BD)
S42;15x6;4X100;42;GRAPHITE DIAMOND (GD)
S43;15x6;4X108;40;BLACK DIAMOND (BD)
S44;15x6;4X100;38;BLACK DIAMOND (BD)
S44;15x6;5X100;40;BLACK DIAMOND (BD)
S44;15x6;5X100;45;GRAPHITE DIAMOND (GD)
S45;18x6;4X98;42;BLACK DIAMOND (BD)
S45;18x6;4X98;42;GRAPHITE DIAMOND (GD)
S45;18x7;4X98;35;BLACK DIAMOND (BD)
S45;18x7;5X98;35;BLACK DIAMOND (BD)
S45;18x7;5X98;35;GRAPHITE DIAMOND (GD)
S45;18x7;5X105;40;BLACK DIAMOND (BD)
S45;18x7;5X114;40;BLACK DIAMOND (BD)
S46;15x6;4X100;38;BLACK DIAMOND (BD)
S46;15x6;4X100;38;BLACK DIAM SMOKE (BDS)
S46;15x6;5X100;38;BLACK DIAMOND (BD)
S46;15x6;5X100;38;BLACK DIAM SMOKE (BDS)
S46;17x6;4X100;42;BLACK DIAMOND (BD)
S46;17x6;5X100;42;BLACK DIAMOND (BD)
S46;17x7;4X100;40;BLACK DIAM SMOKE (BDS)
S46;17x7;5X100;40;BLACK DIAMOND (BD)
S46;17x7;5X100;40;BLACK DIAM SMOKE (BDS)
S46;17x7;5X112;45;BLACK DIAMOND (BD)
S46;18x6;5X100;42;BLACK DIAMOND (BD)
S46;18x7;5X100;40;BLACK DIAMOND (BD)
S46;18x7;5X112;45;BLACK DIAMOND (BD)
S47;15x6;4X100;39;BLACK DIAMOND (BD)
S47;16x6;4X100;39;BLACK (B)
S47;16x6;4X100;39;BLACK DIAMOND (BD)
S47;16x6;5X105;39;BLACK (B)
S47;16x6;5X105;39;BLACK DIAMOND (BD)
S47;17x7;4X100;41;BLACK (B)
S47;17x7;4X100;41;BLACK DIAMOND (BD)
S47;17x7;4X100;41;GRAPHITE DIAMOND (GD)
S47;17x7;5X105;41;BLACK DIAMOND (BD)
S47;17x7;5X108;41;BLACK DIAMOND (BD)
S47;17x7;5X110;41;BLACK DIAMOND (BD)
S47;17x7;5X114;41;BLACK (B)
S47;17x7;5X114;41;BLACK DIAMOND (BD)
S48;15x6;4X100;38;BLACK (B)
S48;15X6;4X100;38;BLACK DIAMOND (BD)
S48;15x6;4X100;38;BLACK DIAM SMOKE (BDS)
S48;15x6;5X100;38;BLACK DIAMOND (BD)
S48;17x6;4X100;42;BLACK DIAMOND (BD)
S48;17x6;4X100;42;BLACK DIAM SMOKE (BDS)
S48;17x7;4X100;40;BLACK DIAMOND (BD)
S48;17x7;5X100;40;BLACK DIAMOND (BD)
S49;17x7;4X100;40;BLACK DIAMOND (BD)
S49;17x7;5X100;40;BLACK DIAMOND (BD)
S49;17x7;5X100;40;LIP BLACK DIAMOND (LBD)
S49;17x7;5X112;40;BLACK DIAMOND (BD)
S49;17x7;5X114;40;BLACK DIAMOND (BD)
S49;18x7;5X100;40;BLACK DIAMOND (BD)
S49;18x7;5X100;40;LIP BLACK DIAMOND (LBD)
S49;18x7;5X105;40;BLACK DIAMOND (BD)
S49;18x7;5X108;40;BLACK DIAMOND (BD)
S49;18x7;5X112;40;BLACK DIAMOND (BD)
S49;18x7;5X114;40;BLACK DIAMOND (BD)
S49;20x8;5X100;40;BLACK DIAMOND (BD)
S49;20x8;5X100;40;LIP BLACK DIAMOND (LBD)
S49;20x8;5X105;40;BLACK DIAMOND (BD)
S49;20x8;5X105;40;LIP BLACK DIAMOND (LBD)
S49;20x8;5X108;40;BLACK DIAMOND (BD)
S49;20x8;5X108;40;LIP BLACK DIAMOND (LBD)
S49;20x8;5X112;40;BLACK DIAMOND (BD)
S49;20x8;5X112;40;LIP BLACK DIAMOND (LBD)
S49;20x8;5X114;40;BLACK DIAMOND (BD)
S49;20x8;5X114;40;GRAFITE BRILHANT (GB)
S49;20x8;5X114;40;LIP BLACK DIAMOND (LBD)
S50;18X7,5;6X139,7;35;BLACK (B)
S50;18X7,5;6X139;35;BLACK DIAMOND (BD)
S50;18X7,5;6X139;35;BLACK FOSCO (BF)
S50;20X8,5;6X139;35;BLACK (B)
S50;20X8,5;6X139;35;BLACK DIAMOND (BD)
S50;20X8,5;6X139;35;BLACK FOSCO (BF)
S51;20X8,5;6X114;35;BLACK DIAMOND (BD)
S51;20X8,5;6X114;35;GRAPHITE DIAMOND (GD)
S52;15x6;4X100;41;BLACK DIAMOND (BD)
S52;15x6;4X100;41;GRAPHITE DIAMOND (GD)
S53;20X8,5;5X110;30;BLACK (B)
S53;20X8,5;5X110;30;BLACK DIAMOND (BD)
S53;20X8,5;5X120;40;BLACK DIAMOND (BD)
S53;20X8,5;5X139,7;20;BLACK (B)
S53;20X8,5;6X139;35;BLACK (B)
S53;20X8,5;6X139,7;35;BLACK DIAMOND (BD)
S54;18x6;4X100;42;BLACK DIAMOND (BD)
S54;18x6;5X100;42;BLACK DIAMOND (BD)
S54;18x7;5X100;40;BLACK DIAMOND (BD)
S54;18x7;5X100;40;BLACK DIAM SMOKE (BDS)
S54;18x7;5X112;45;BLACK DIAMOND (BD)
S54;18x7;5X112;45;BLACK DIAM SMOKE (BDS)
S54;20X7,5;4X100;40;BLACK DIAMOND (BD)
S54;20X7,5;5X100;40;BLACK DIAMOND (BD)
S54;20X7,5;5X100;40;BLACK DIAM SMOKE (BDS)
S54;20X7,5;5X112;45;BLACK DIAMOND (BD)
S54;20X7,5;5X112;45;BLACK DIAM SMOKE (BDS)
S54;20X7,5;5X114;40;BLACK DIAMOND (BD)
S55;15x6;4X98;40;BLACK DIAMOND (BD)
S55;15x6;4X98;40;GRAPHITE FOSCO DIAM (GFD)
S56;16x6;5X100;35;BLACK (B)
S56;16x6;5X100;35;BLACK DIAMOND (BD)
S56;16x6;5X100;35;BLACK DIAM SMOKE (BDS)
S56;17x7;4X100;39;BLACK (B)
S56;17x7;4X100;39;BLACK DIAMOND (BD)
S56;17x7;4X100;39;BLACK DIAM SMOKE (BDS)
S56;17x7;5X100;39;BLACK (B)
S56;17x7;5X100;39;BLACK DIAMOND (BD)
S56;17x7;5X100;39;BLACK DIAM SMOKE (BDS)
S57;18X7,5;6X139;28;BLACK DIAMOND (BD)
S57;18X7,5;6X139;28;GRAPHITE DIAMOND (GD)
S57;20X8,5;6X139;33;BLACK DIAMOND (BD)
S57;20X8,5;6X139;33;GRAPHITE DIAMOND (GD)
S57;22x9;6X139;40;BLACK DIAMOND (BD)
S57;22x9;6X139;40;GRAPHITE DIAMOND (GD)
S58;18X7,5;5X120;40;BLACK (B)
S58;18X7,5;5X120;40;BLACK DIAMOND (BD)
S58;18X7,5;5X120;40;BLACK DIAM SMOKE (BDS)
S58;20X8,5;5X120;40;BLACK (B)
S58;20X8,5;5X120;40;BLACK DIAMOND (BD)
S58;20X8,5;5X120;40;BLACK DIAM SMOKE (BDS)
S58;22x9;5X120;45;BLACK (B)
S58;22x9;5X120;45;BLACK DIAMOND (BD)
S58;22x9;5X120;35;BLACK DIAM SMOKE (BDS)
S59;16x6;4X100;35;BLACK DIAMOND (BD)
S59;16x6;4X100;35;BLACK DIAM SMOKE (BDS)
S59;16x6;5X100;35;BLACK DIAMOND (BD)
S59;16x6;5X100;35;BLACK DIAM SMOKE (BDS)
S60;15x6;4X100;35;BLACK DIAMOND (BD)
S60;15x6;4X100;35;BLACK DIAM SMOKE (BDS)
S60;15x6;5X100;35;BLACK DIAMOND (BD)
S60;15x6;5X100;35;BLACK DIAM SMOKE (BDS)
S60;16x6;4X100;35;BLACK DIAMOND (BD)
S60;16x6;4X100;35;BLACK DIAM SMOKE (BDS)
S60;16x6;5X100;35;BLACK DIAMOND (BD)
S60;16x6;5X100;35;BLACK DIAM SMOKE (BDS)
S60;17x7;4X100;35;BLACK DIAMOND (BD)
S60;17x7;4X100;35;BLACK DIAM SMOKE (BDS)
S60;17x7;5X100;35;BLACK DIAMOND (BD)
S60;17x7;5X100;35;BLACK DIAM SMOKE (BDS)
SAMPSON;17X7;4X99;38;BLACK (B)
SAMPSON;17X7;4X99;38;GRAFITE BRILHANT (GB)
SAMPSON;17X7;5X105;38;SILVER STAR (SS)
SAMPSON;18x8;5X100;40;BLACK (B)
SAMPSON;18x8;5X100;40;GRAFITE BRILHANT (GB)
SAMPSON;18x8;5X100;40;SILVER STAR (SS)
SAMPSON;18x8;5X105;40;BLACK (B)
SAMPSON;18x8;5X105;40;GRAFITE BRILHANT (GB)
SAMPSON;18x8;5X105;40;SILVER STAR (SS)
SAMPSON;18x8;5X108;40;BLACK (B)
SAMPSON;18x8;5X108;40;GRAFITE BRILHANT (GB)
SAMPSON;18x8;5X108;40;SILVER STAR (SS)
SAMPSON;18x8;5X113;40;BLACK (B)
SAMPSON;18x8;5X113;40;GRAFITE BRILHANT (GB)
SAMPSON;18x8;5X113;40;SILVER STAR (SS)
SAMPSON;18x8;5X120;40;BLACK (B)
SAMPSON;18x8;5X120;40;GRAFITE BRILHANT (GB)
SAMPSON;18x8;5X120;40;SILVER STAR (SS)
SAMPSON;19X8,5;5X100;45;BLACK (B)
SAMPSON;19X8,5;5X100;45;GRAFITE BRILHANT (GB)
SAMPSON;19X8,5;5X100;45;SILVER STAR (SS)
SAMPSON;19X8,5;5X105;40;BLACK (B)
SAMPSON;19X8,5;5X105;40;GRAFITE BRILHANT (GB)
SAMPSON;19X8,5;5X105;40;SILVER STAR (SS)
SAMPSON;19X8,5;5X108;45;BLACK (B)
SAMPSON;19X8,5;5X108;45;SILVER STAR (SS)
SAMPSON;19X8,5;5X113;45;BLACK (B)
SAMPSON;19X8,5;5X113;45;GRAFITE BRILHANT (GB)
SAMPSON;19X8,5;5X113;45;SILVER STAR (SS)
SAMPSON;19X8,5;5X120;40;BLACK (B)
SAMPSON;19X8,5;5X120;40;GRAFITE BRILHANT (GB)
SAMPSON;19X8,5;5X120;40;SILVER STAR (SS)
SILVERADO;18x8;6X139,7;20;SILVER STAR (SS)
SUMMER;17x7;4X100;40;SILVER STAR (SS)
STROLLER;18x8;5X100;40;BLACK (B)
STROLLER;18x8;5X100;40;BLACK DIAMOND (BD)
STROLLER;18x8;5X105;40;BLACK (B)
STROLLER;18x8;5X108;40;BLACK (B)
STROLLER;18x8;5X108;40;BLACK DIAMOND (BD)
STROLLER;18x8;5X113;40;BLACK (B)
STROLLER;18x8;5X113;40;BLACK DIAMOND (BD)
STROLLER;18x8;5X113;40;GRAFITE BRILHANT (GB)
SUMMER;15x7;4X100;38;SILVER STAR (SS)

